tweetid,sentiment
169760,1
35326,1
224985,1
476263,1
872928,1
75639,1
211536,1
569434,1
315368,1
591733,1
91983,1
67249,1
143459,1
663535,1
20476,1
815297,1
274098,1
30045,1
681487,1
708966,1
393689,1
186705,1
233977,1
525794,1
863649,1
315964,1
588985,1
669979,1
137059,1
556915,1
951973,1
72939,1
205796,1
478581,1
453375,1
555551,1
219030,1
546209,1
416919,1
433824,1
621526,1
616108,1
70943,1
153248,1
854719,1
616444,1
118418,1
846132,1
443106,1
758958,1
376412,1
667731,1
222107,1
349545,1
284026,1
564727,1
522979,1
460970,1
371750,1
251299,1
485211,1
502976,1
623282,1
217605,1
225330,1
58854,1
723671,1
366409,1
704565,1
655925,1
717618,1
922449,1
729885,1
599133,1
89885,1
249039,1
440750,1
18663,1
314549,1
643414,1
61835,1
659073,1
178597,1
152298,1
581943,1
781913,1
336886,1
624852,1
655116,1
5591,1
731620,1
872882,1
320393,1
353463,1
816508,1
636325,1
53058,1
725589,1
693559,1
66255,1
218797,1
307092,1
188557,1
137392,1
597086,1
96006,1
330509,1
78639,1
536231,1
304814,1
553696,1
455898,1
745466,1
846719,1
722710,1
989172,1
492079,1
315869,1
32675,1
959684,1
641938,1
933443,1
458401,1
554994,1
461467,1
902353,1
178794,1
387356,1
380276,1
824355,1
685606,1
85488,1
50608,1
447977,1
943930,1
183083,1
359626,1
810128,1
380913,1
516209,1
993538,1
594772,1
22428,1
991876,1
504172,1
283272,1
914599,1
752129,1
701957,1
858489,1
221704,1
409406,1
468372,1
818509,1
204729,1
394896,1
397593,1
465474,1
450344,1
502719,1
816499,1
291002,1
301225,1
402773,1
81233,1
642569,1
900041,1
67900,1
237131,1
311030,1
975455,1
69232,1
156024,1
268543,1
586693,1
709157,1
582003,1
689136,1
953619,1
971710,1
809619,1
595597,1
274499,1
771063,1
597739,1
110053,1
723442,1
881554,1
704923,1
822018,1
505322,1
120776,1
404757,1
811053,1
317696,1
734766,1
841196,1
400682,1
649511,1
740566,1
798359,1
861578,1
5417,1
609894,1
174874,1
227482,1
316886,1
112798,1
44507,1
444423,1
878768,1
951095,1
970445,1
208227,1
545402,1
498559,1
454769,1
490905,1
343981,1
891649,1
794296,1
669149,1
104997,1
54711,1
756770,1
632633,1
882503,1
604089,1
37591,1
304290,1
167356,1
398680,1
268980,1
485450,1
246743,1
83632,1
804653,1
614272,1
699619,1
128361,1
617614,1
756863,1
550624,1
971913,1
597102,1
468901,1
512603,1
869,1
135515,1
471002,1
76054,1
835455,1
593722,1
209903,1
311687,1
38624,1
140169,1
50739,1
134179,1
368885,1
955073,1
642519,1
849811,1
377434,1
61946,1
128149,1
545779,1
145812,1
839220,1
23630,1
631635,1
659284,1
636800,1
246233,1
224961,1
227170,1
24500,1
444613,1
173797,1
183700,1
305251,1
487336,1
521403,1
741971,1
171732,1
354162,1
572875,1
337961,1
39327,1
666488,1
686787,1
248289,1
644357,1
106812,1
492300,1
929522,1
827492,1
92888,1
748860,1
544547,1
970736,1
805808,1
320551,1
210944,1
109631,1
251292,1
170364,1
948426,1
780776,1
693604,1
799998,1
373943,1
593149,1
264289,1
479344,1
820909,1
492817,1
831733,1
405413,1
685176,1
982870,1
92655,1
929710,1
365298,1
597644,1
908494,1
532450,1
431470,1
261786,1
126953,1
157454,1
911863,1
968491,1
341684,1
868000,1
937870,1
196243,1
749947,1
10201,1
861465,1
418775,1
561942,1
61831,1
224428,1
470738,1
694377,1
557591,1
504856,1
988980,1
811937,1
78955,1
166783,1
2520,1
268418,1
911873,1
380946,1
841067,1
760341,1
872864,1
833511,1
795400,1
947288,1
97754,1
848402,1
77036,1
280663,1
654324,1
105628,1
227665,1
169839,1
334216,1
502105,1
174279,1
193681,1
457324,1
562231,1
254480,1
432635,1
916814,1
217862,1
454694,1
512554,1
249736,1
979904,1
841942,1
141852,1
279014,1
511552,1
502057,1
822243,1
586976,1
870627,1
809260,1
258979,1
342572,1
833715,1
63205,1
327,1
286773,1
831328,1
265516,1
988076,1
92963,1
813089,1
372840,1
460869,1
700900,1
54421,1
83811,1
932229,1
14731,1
416245,1
91717,1
37782,1
168950,1
791767,1
612474,1
863569,1
833620,1
831050,1
327186,1
70954,1
744906,1
410805,1
321290,1
560166,1
199999,1
520958,1
486093,1
433768,1
170942,1
97769,1
574580,1
427983,1
536786,1
64572,1
932658,1
875904,1
388184,1
448406,1
280094,1
196585,1
297123,1
583405,1
749358,1
8540,1
92130,1
682459,1
493774,1
81514,1
937131,1
683822,1
181932,1
185061,1
718905,1
467768,1
50360,1
37282,1
324725,1
587613,1
759085,1
995304,1
62430,1
959472,1
134816,1
443799,1
84144,1
626595,1
382192,1
249680,1
209100,1
505060,1
510212,1
454150,1
900706,1
355447,1
415557,1
431394,1
796461,1
551013,1
71926,1
260753,1
883406,1
973790,1
673020,1
573493,1
850799,1
596499,1
430720,1
970612,1
645141,1
122672,1
572212,1
590281,1
185082,1
643999,1
276142,1
522428,1
242869,1
859835,1
179238,1
830861,1
659715,1
742214,1
44768,1
156753,1
689726,1
659825,1
805236,1
484743,1
843791,1
401342,1
268165,1
450971,1
969588,1
493909,1
775367,1
102955,1
356595,1
860992,1
478186,1
235851,1
859554,1
383555,1
568803,1
522415,1
493050,1
568528,1
371027,1
554560,1
969599,1
70097,1
898167,1
483103,1
773089,1
436540,1
214657,1
824653,1
132616,1
962166,1
357327,1
183595,1
338190,1
821753,1
782634,1
355771,1
102889,1
335544,1
417438,1
99418,1
774033,1
151834,1
573075,1
675187,1
488287,1
317596,1
848773,1
177318,1
743728,1
166017,1
668192,1
242646,1
572824,1
516374,1
569974,1
368987,1
35989,1
439267,1
425036,1
978741,1
161511,1
158819,1
225262,1
398562,1
940439,1
657384,1
348631,1
950221,1
390207,1
633050,1
45603,1
892219,1
763551,1
219247,1
78219,1
106376,1
664990,1
61204,1
444521,1
162744,1
10394,1
107336,1
400960,1
157258,1
762553,1
398197,1
513701,1
450710,1
192494,1
376697,1
466375,1
600809,1
337306,1
597597,1
282282,1
619747,1
848426,1
468720,1
954154,1
544640,1
192358,1
768797,1
817583,1
864589,1
104220,1
725297,1
973859,1
942269,1
145192,1
965827,1
861437,1
296887,1
817495,1
273994,1
799474,1
177872,1
532392,1
770417,1
706812,1
193396,1
863034,1
967152,1
948038,1
608126,1
412897,1
970466,1
604868,1
94532,1
820173,1
833762,1
604371,1
961064,1
419528,1
79982,1
564369,1
489017,1
887262,1
402712,1
963864,1
854765,1
331759,1
26332,1
238943,1
431614,1
329434,1
680680,1
39578,1
670432,1
371166,1
686203,1
118985,1
263823,1
275604,1
390449,1
553573,1
159171,1
172630,1
867879,1
555667,1
107607,1
671813,1
29467,1
424298,1
247885,1
66440,1
794065,1
383354,1
73974,1
597362,1
873587,1
755011,1
736998,1
117248,1
692018,1
813376,1
834684,1
546314,1
876985,1
207998,1
110340,1
715656,1
88611,1
716533,1
269830,1
661339,1
96822,1
101833,1
548873,1
432375,1
963943,1
105738,1
814952,1
933283,1
476266,1
713154,1
729178,1
739461,1
46459,1
564711,1
9295,1
89381,1
997108,1
434160,1
632113,1
349480,1
981685,1
891296,1
795819,1
22856,1
176472,1
760306,1
364909,1
593804,1
307467,1
610642,1
129662,1
569359,1
561862,1
423167,1
840583,1
683275,1
190548,1
958471,1
740052,1
631040,1
976028,1
990527,1
58802,1
406698,1
166458,1
758638,1
864544,1
937863,1
839640,1
43118,1
554437,1
24114,1
594987,1
2994,1
983985,1
738824,1
578675,1
246789,1
459925,1
723464,1
939557,1
962770,1
432283,1
295172,1
354011,1
917171,1
368282,1
799357,1
218943,1
354686,1
180377,1
979574,1
457365,1
855074,1
527673,1
785117,1
973760,1
928581,1
56229,1
489025,1
43190,1
563462,1
972585,1
593576,1
327139,1
615819,1
538945,1
967095,1
993681,1
568295,1
969003,1
644408,1
956047,1
525657,1
56665,1
617655,1
838447,1
931195,1
577981,1
870874,1
480174,1
695290,1
645362,1
475332,1
78586,1
792010,1
600177,1
579760,1
733217,1
130633,1
246139,1
83570,1
233932,1
65704,1
720328,1
182815,1
992508,1
582996,1
712952,1
217793,1
960416,1
387077,1
62147,1
158157,1
16196,1
211659,1
368185,1
681044,1
368951,1
200078,1
947641,1
591630,1
60500,1
257401,1
478713,1
735450,1
633125,1
610055,1
632978,1
365076,1
875539,1
758419,1
709088,1
768261,1
209509,1
127305,1
121053,1
19558,1
801712,1
837454,1
541857,1
11629,1
10359,1
66175,1
23284,1
211731,1
32828,1
300306,1
798465,1
429350,1
96211,1
287991,1
580986,1
782530,1
446353,1
404665,1
971456,1
503290,1
675704,1
225076,1
593471,1
481167,1
161297,1
270003,1
411180,1
271499,1
672109,1
602150,1
575468,1
181408,1
161726,1
977902,1
788232,1
725006,1
722658,1
600224,1
793349,1
451620,1
424135,1
88627,1
806009,1
192064,1
685562,1
284646,1
715307,1
883501,1
842439,1
33587,1
730304,1
87268,1
494947,1
557924,1
351002,1
361958,1
624214,1
513910,1
506543,1
778056,1
357156,1
370081,1
880261,1
509403,1
580774,1
837095,1
560337,1
132783,1
304998,1
819879,1
849455,1
346200,1
625746,1
677462,1
107732,1
277516,1
119700,1
219147,1
773453,1
813113,1
121431,1
258442,1
15784,1
491379,1
767093,1
508244,1
711697,1
78517,1
592053,1
723025,1
310230,1
751878,1
617843,1
265859,1
410288,1
708448,1
254072,1
791956,1
515974,1
972791,1
330960,1
126876,1
316154,1
179087,1
586916,1
70846,1
752225,1
404604,1
836527,1
678059,1
333311,1
74980,1
477908,1
506657,1
980875,1
805679,1
193548,1
818493,1
625918,1
215713,1
126166,1
709380,1
570628,1
898663,1
103967,1
934788,1
327499,1
953095,1
592527,1
488806,1
531595,1
899135,1
661210,1
311285,1
956537,1
536614,1
518252,1
101697,1
136250,1
571656,1
614530,1
506382,1
990558,1
414640,1
757228,1
741160,1
80801,1
14077,1
44115,1
782491,1
141116,1
758470,1
111565,1
108937,1
333960,1
495632,1
855633,1
387274,1
944823,1
676644,1
674904,1
706197,1
751823,1
534701,1
776680,1
856934,1
838992,1
73072,1
592976,1
120301,1
477557,1
331101,1
587789,1
106773,1
714124,1
772086,1
656418,1
372287,1
481477,1
938734,1
922926,1
339447,1
325978,1
42066,1
382638,1
16052,1
450371,1
450653,1
299753,1
643564,1
975417,1
890333,1
759258,1
82004,1
187640,1
790339,1
760264,1
34404,1
387284,1
111495,1
263613,1
811478,1
615025,1
709431,1
815398,1
429819,1
55201,1
918786,1
505250,1
811168,1
616510,1
810332,1
778191,1
644140,1
614087,1
350693,1
224411,1
187760,1
673695,1
624957,1
682615,1
674916,1
404402,1
53072,1
48112,1
785837,1
184816,1
230210,1
915999,1
376465,1
194186,1
106745,1
992715,1
274295,1
841614,1
855159,1
369248,1
400854,1
232119,1
770087,1
61801,1
582837,1
696188,1
710747,1
943396,1
943553,1
957958,1
170910,1
680524,1
565587,1
749902,1
748072,1
937512,1
130999,1
342929,1
406526,1
281624,1
111021,1
898463,1
920547,1
300268,1
6377,1
150851,1
836682,1
975094,1
303263,1
469044,1
826563,1
879918,1
803773,1
535044,1
129239,1
123544,1
955118,1
763466,1
302824,1
970253,1
536636,1
225644,1
901410,1
976357,1
276425,1
698782,1
476182,1
560795,1
734099,1
874279,1
528799,1
844516,1
42001,1
729333,1
910929,1
436637,1
539943,1
158515,1
913083,1
196246,1
312900,1
247152,1
621919,1
72893,1
989727,1
828411,1
231642,1
294532,1
322655,1
238643,1
226893,1
22945,1
667052,1
330901,1
893735,1
844155,1
598545,1
792602,1
81394,1
79720,1
450891,1
689110,1
603282,1
151774,1
427833,1
514030,1
450842,1
663940,1
289537,1
93580,1
999485,1
16012,1
602434,1
128526,1
567878,1
311040,1
397558,1
659249,1
732039,1
257083,1
653366,1
764741,1
240417,1
941193,1
249928,1
355194,1
466127,1
986184,1
194736,1
193995,1
630191,1
467505,1
385475,1
537515,1
689188,1
629787,1
125791,1
873126,1
634159,1
5824,1
626130,1
710596,1
739055,1
584269,1
930286,1
803604,1
902313,1
365571,1
418391,1
260874,1
53754,1
406691,1
958946,1
135258,1
349414,1
988959,1
954431,1
985836,1
698510,1
509363,1
625498,1
896827,1
393734,1
326465,1
856169,1
404748,1
330862,1
455496,1
571982,1
298506,1
98423,1
660483,1
219919,1
967026,1
640859,1
574291,1
673739,1
490703,1
811513,1
357267,1
366205,1
47116,1
41555,1
666135,1
997640,1
381416,1
168327,1
492253,1
422735,1
667117,1
202823,1
10908,1
366599,1
394665,1
734589,1
210821,1
191243,1
435686,1
7931,1
331666,1
998608,1
598170,1
981822,1
349039,1
131708,1
440962,1
719287,1
866736,1
793383,1
486705,1
206701,1
812095,1
813429,1
300273,1
246003,1
357693,1
127689,1
554542,1
713892,1
855661,1
413022,1
204680,1
865502,1
70808,1
542694,1
521642,1
90760,1
599952,1
116224,1
781730,1
222272,1
520111,1
470642,1
241795,1
585620,1
969978,1
800466,1
665096,1
59084,1
813349,1
312981,1
965523,1
921337,1
791417,1
472174,1
514550,1
418510,1
344814,1
555242,1
603943,1
996818,1
518736,1
194144,1
548422,1
781735,1
90786,1
3051,1
402995,1
224269,1
891634,1
661409,1
776823,1
773037,1
716592,1
709740,1
230435,1
105775,1
277235,1
323839,1
485009,1
991522,1
421384,1
407930,1
499185,1
634042,1
281534,1
29564,1
777475,1
73475,1
924278,1
945887,1
133825,1
750622,1
340947,1
477970,1
841038,1
331429,1
861934,1
117689,1
231985,1
452498,1
147151,1
402278,1
515529,1
816064,1
320416,1
674363,1
45153,1
294203,1
69149,1
892557,1
714218,1
374533,1
799765,1
406896,1
493645,1
77622,1
351139,1
598383,1
437099,1
811260,1
289021,1
411748,1
834122,1
531633,1
138830,1
855031,1
621398,1
591179,1
665535,1
625048,1
395927,1
819363,1
226513,1
230277,1
217668,1
646356,1
585846,1
320140,1
7769,1
128883,1
930716,1
52091,1
865029,1
678269,1
646896,1
151820,1
126071,1
390635,1
846830,1
903429,1
552575,1
51238,1
398685,1
442076,1
245264,1
1847,1
800950,1
236737,1
371083,1
288557,1
645411,1
582358,1
105065,1
105707,1
487304,1
966654,1
367823,1
649275,1
29185,1
172119,1
685650,1
173254,1
287735,1
97811,1
838235,1
254835,1
318905,1
259043,1
381017,1
649757,1
529954,1
663529,1
423720,1
22777,1
766694,1
166583,1
282634,1
353764,1
461317,1
31680,1
998009,1
491318,1
970330,1
476860,1
415960,1
937064,1
935085,1
863837,1
166987,1
65621,1
486600,1
389265,1
151202,1
906908,1
98725,1
741135,1
184479,1
364623,1
289083,1
101465,1
877671,1
414975,1
819137,1
162715,1
889367,1
682050,1
468148,1
276721,1
809015,1
82904,1
629958,1
282539,1
576641,1
721032,1
985863,1
351847,1
102182,1
432256,1
810959,1
339263,1
426325,1
634147,1
43694,1
693219,1
840612,1
292313,1
459823,1
458700,1
886294,1
72399,1
838493,1
239467,1
966716,1
88590,1
270660,1
612857,1
481502,1
953534,1
399293,1
325715,1
412226,1
817566,1
610516,1
921902,1
279576,1
164195,1
233989,1
650411,1
531313,1
4333,1
643985,1
556079,1
362728,1
619584,1
498930,1
711047,1
280183,1
710884,1
669728,1
873903,1
133051,1
580652,1
122184,1
297918,1
443350,1
942345,1
487311,1
624290,1
462841,1
682584,1
86801,1
614098,1
71036,1
603798,1
539219,1
571734,1
891254,1
16967,1
366465,1
468888,1
755956,1
854237,1
929586,1
972465,1
47414,1
237511,1
473045,1
719760,1
3380,1
915945,1
746072,1
793658,1
718346,1
991582,1
186975,1
544544,1
598757,1
352182,1
799769,1
285144,1
406272,1
92988,1
36673,1
558989,1
261633,1
239960,1
938879,1
638143,1
162574,1
78388,1
966667,1
865944,1
972181,1
946851,1
214800,1
728032,1
600651,1
728584,1
706681,1
589739,1
450581,1
47561,1
401905,1
800981,1
589183,1
222534,1
357670,1
923142,1
497636,1
443455,1
730705,1
830855,1
255556,1
961712,1
589379,1
956735,1
216207,1
650019,1
606200,1
753836,1
847322,1
273226,1
83629,1
226734,1
788872,1
870974,1
591870,1
568912,1
789519,1
731488,1
244090,1
735125,1
764484,1
646717,1
31157,1
152232,1
414280,1
587546,1
821756,1
373215,1
826764,1
733307,1
596788,1
57392,1
761256,1
586312,1
93389,1
93917,1
73551,1
165581,1
156791,1
823794,1
63392,1
182207,1
829750,1
101290,1
639078,1
960964,1
884242,1
333194,1
180605,1
724302,1
464585,1
857134,1
289751,1
746574,1
5343,1
477522,1
446879,1
546541,1
732463,1
380608,1
336640,1
52477,1
194507,1
538733,1
622382,1
758067,1
969245,1
6204,1
360927,1
733862,1
254831,1
312789,1
683632,1
698155,1
581241,1
685887,1
495618,1
98564,1
422534,1
378882,1
175872,1
135908,1
840249,1
37433,1
231996,1
573211,1
703385,1
11101,1
819890,1
572492,1
120502,1
146930,1
913546,1
808868,1
383788,1
629338,1
429250,1
327253,1
233323,1
754966,1
5107,1
285700,1
997597,1
605325,1
181468,1
921776,1
131890,1
727491,1
407368,1
720318,1
521215,1
699505,1
260605,1
4496,1
162556,1
283270,1
631070,1
343853,1
195609,1
729294,1
342029,1
31305,1
974349,1
827385,1
110637,1
330981,1
716213,1
673772,1
533976,1
467243,1
671317,1
232183,1
489015,1
356158,1
988748,1
240002,1
873392,1
345670,1
356761,1
530584,1
177001,1
525148,1
347083,1
784269,1
420686,1
918830,1
550616,1
696228,1
861731,1
677852,1
591361,1
962050,1
76649,1
832328,1
239449,1
467995,1
467450,1
127162,1
477381,1
58715,1
701473,1
893061,1
335217,1
909071,1
471885,1
164325,1
875446,1
366749,1
625267,1
805316,1
779520,1
967449,1
39093,1
306078,1
983065,1
106475,1
380508,1
236562,1
589848,1
741895,1
204042,1
238985,1
468940,1
467571,1
86934,1
650045,1
334396,1
308397,1
435631,1
206312,1
565453,1
250852,1
511144,1
985030,1
5045,1
962371,1
179695,1
571674,1
708517,1
949891,1
451267,1
463572,1
527910,1
446310,1
105414,1
18138,1
653784,1
331838,1
650762,1
826394,1
164947,1
871573,1
737732,1
78892,1
950200,1
484870,1
382863,1
155451,1
361880,1
625561,1
675442,1
113514,1
19397,1
718093,1
428411,1
908602,1
595852,1
866548,1
516734,1
203690,1
457889,1
42699,1
564817,1
519244,1
634222,1
851947,1
925224,1
776585,1
603969,1
848121,1
745737,1
706675,1
891427,1
311901,1
190297,1
782363,1
44291,1
370428,1
899174,1
144125,1
422237,1
554582,1
242199,1
232219,1
224076,1
945898,1
564911,1
343688,1
371908,1
627574,1
180485,1
249763,1
651375,1
660951,1
657758,1
237867,1
782819,1
791928,1
294609,1
850390,1
396547,1
142830,1
250983,1
443938,1
831490,1
418267,1
860398,1
763872,1
574726,1
142336,1
213055,1
455829,1
656699,1
171902,1
350128,1
714025,1
17420,1
44772,1
643168,1
704610,1
820523,1
37607,1
680087,1
509948,1
938423,1
476346,1
617648,1
659939,1
510346,1
106516,1
187412,1
530662,1
969059,1
233113,1
881485,1
396578,1
722776,1
69263,1
783056,1
29053,1
45878,1
845042,1
78628,1
899274,1
485857,1
914284,1
590949,1
286808,1
449133,1
145375,1
769261,1
769524,1
968896,1
313839,1
775822,1
293312,1
495182,1
896063,1
2325,1
795486,1
135329,1
885345,1
703319,1
595781,1
243128,1
589175,1
473007,1
145261,1
942956,1
524966,1
713766,1
440834,1
94839,1
730063,1
120270,1
73612,1
432813,1
317254,1
149855,1
588233,1
860852,1
762132,1
694699,1
357323,1
617071,1
909332,1
460019,1
175290,1
845224,1
77234,1
337929,1
846396,1
515567,1
365305,1
410068,1
123198,1
287376,1
799250,1
744900,1
505135,1
380314,1
272452,1
164506,1
825234,1
959388,1
502275,1
663775,1
515364,1
29777,1
857998,1
930993,1
225367,1
299046,1
54060,1
153537,1
77959,1
238755,1
913486,1
14443,1
604691,1
56693,1
397430,1
292158,1
263045,1
686702,1
111969,1
575864,1
592714,1
788130,1
283215,1
463455,1
84395,1
111750,1
930512,1
582792,1
172215,1
856082,1
788739,1
509947,1
407486,1
93916,1
49777,1
794018,1
448173,1
461282,1
44346,1
505510,1
782839,1
104045,1
568580,1
758553,1
53400,1
441214,1
953386,1
143711,1
120075,1
215972,1
439116,1
186431,1
593449,1
607278,1
582945,1
922510,1
767792,1
795952,1
944860,1
444063,1
865922,1
752668,1
977914,1
252208,1
772954,1
254837,1
237616,1
371131,1
343754,1
449316,1
185570,1
47008,1
19133,1
375376,1
578099,1
763558,1
162367,1
690491,1
698617,1
620254,1
217118,1
232363,1
816170,1
449825,1
672636,1
179091,1
231038,1
291804,1
710495,1
553086,1
323962,1
581600,1
704427,1
438734,1
209379,1
415615,1
284806,1
310499,1
346116,1
771257,1
129670,1
532461,1
847765,1
541807,1
151102,1
301061,1
920481,1
223008,1
804457,1
577544,1
724299,1
615253,1
414925,1
905949,1
633508,1
270235,1
560973,1
337725,1
307063,1
248899,1
693471,1
32083,1
581827,1
447640,1
862171,1
263238,1
177423,1
556777,1
814230,1
34166,1
355856,1
961882,1
762704,1
602494,1
34702,1
715552,1
355679,1
854686,1
171389,1
820375,1
752605,1
923279,1
150302,1
444048,1
772347,1
707363,1
43036,1
31741,1
902354,1
732442,1
691266,1
115042,1
522188,1
815935,1
621337,1
933944,1
545889,1
639168,1
655821,1
217577,1
988338,1
310934,1
384173,1
850427,1
614699,1
146362,1
58112,1
466658,1
798525,1
569963,1
434900,1
51794,1
373733,1
78426,1
591624,1
376278,1
881145,1
423932,1
154517,1
809256,1
592760,1
326267,1
557614,1
657699,1
792471,1
687325,1
184414,1
160393,1
846792,1
615738,1
988164,1
487047,1
469101,1
804088,1
981726,1
661325,1
395935,1
404054,1
336290,1
458596,1
721106,1
837210,1
370613,1
123115,1
306643,1
666144,1
108718,1
319332,1
579193,1
358166,1
141738,1
260609,1
581967,1
132595,1
488092,1
392202,1
315476,1
205530,1
659291,1
436218,1
90685,1
142415,1
24934,1
409382,1
920431,1
796763,1
845251,1
388243,1
604797,1
152641,1
248936,1
938144,1
424611,1
329124,1
665784,1
640825,1
163428,1
556966,1
462236,1
940585,1
836959,1
203375,1
254557,1
980954,1
24797,1
281199,1
574766,1
887404,1
291525,1
649648,1
753473,1
305074,1
328063,1
567452,1
195871,1
540520,1
875626,1
672918,1
17142,1
644643,1
558196,1
718420,1
941514,1
142228,1
114046,1
201727,1
432369,1
387738,1
199691,1
180304,1
673181,1
146042,1
558321,1
486158,1
656852,1
746973,1
443873,1
946854,1
206666,1
329798,1
494754,1
964787,1
992585,1
626550,1
338140,1
86710,1
880166,1
461185,1
840127,1
909823,1
347835,1
41851,1
429019,1
822696,1
398282,1
939362,1
44160,1
193712,1
628281,1
489292,1
616565,1
347410,1
17963,1
76228,1
601837,1
569634,1
57381,1
120440,1
34596,1
28256,1
499154,1
352917,1
642374,1
597069,1
830957,1
317312,1
827075,1
588394,1
706639,1
182537,1
16854,1
443398,1
434602,1
554528,1
30214,1
171137,1
875060,1
961114,1
246680,1
244205,1
552594,1
726305,1
354750,1
71830,1
345645,1
212044,1
200267,1
942846,1
174493,1
333002,1
146187,1
793908,1
496143,1
966647,1
323,1
803875,1
402047,1
534219,1
703000,1
671584,1
559320,1
188050,1
887516,1
645866,1
466328,1
415728,1
503003,1
298164,1
633000,1
512067,1
235641,1
343381,1
733240,1
136832,1
389026,1
852347,1
25002,1
294027,1
648266,1
810469,1
224435,1
952397,1
12004,1
185013,1
486832,1
86045,1
133514,1
799864,1
781356,1
866735,1
788791,1
907298,1
930620,1
580848,1
438124,1
400009,1
956741,1
748695,1
831576,1
683218,1
531715,1
555874,1
672398,1
293081,1
506419,1
776853,1
857439,1
860763,1
169809,1
410150,1
776743,1
830459,1
612043,1
247011,1
404518,1
997644,1
111741,1
921727,1
921922,1
349946,1
632649,1
10315,1
448017,1
561814,1
88851,1
317861,1
419424,1
185650,1
931895,1
893553,1
159886,1
48509,1
697646,1
260134,1
958366,1
497671,1
890683,1
219061,1
50736,1
742031,1
431195,1
159717,1
641424,1
423512,1
229137,1
798844,1
693406,1
371036,1
211835,1
757133,1
937342,1
977747,1
333823,1
669775,1
260295,1
677043,1
477036,1
194820,1
833593,1
737103,1
838487,1
14362,1
433532,1
375715,1
274541,1
115978,1
905000,1
343053,1
168437,1
794305,1
149132,1
255482,1
786652,1
18795,1
261144,1
2575,1
477704,1
645226,1
613988,1
141972,1
863542,1
922667,1
419431,1
960388,1
853322,1
622813,1
785330,1
810188,1
53815,1
818404,1
747464,1
754308,1
128943,1
996229,1
964585,1
959469,1
354761,1
102989,1
67926,1
122021,1
549342,1
446441,1
196355,1
589487,1
70611,1
683684,1
978725,1
13287,1
809747,1
838185,1
647188,1
616174,1
754798,1
620739,1
644772,1
96841,1
818549,1
24845,1
397713,1
924727,1
164077,1
442722,1
583077,1
840571,1
415337,1
148578,1
239214,1
521908,1
947679,1
227844,1
701507,1
617736,1
509196,1
585430,1
839425,1
414230,1
916592,1
705572,1
282147,1
201741,1
464689,1
506099,1
315331,1
258435,1
910541,1
394712,1
424092,1
204080,1
744870,1
644004,1
107636,1
661174,1
19909,1
927163,1
358829,1
186937,1
98072,1
43449,1
996972,1
365705,1
27742,1
165638,1
419439,1
254018,1
980316,1
849752,1
601238,1
763081,1
767129,1
292040,1
800470,1
408830,1
902403,1
495974,1
97966,1
612358,1
601862,1
484009,1
24147,1
545781,1
404273,1
459068,1
706804,1
570687,1
611072,1
985616,1
164701,1
599031,1
291016,1
871590,1
375923,1
625713,1
544267,1
597520,1
201908,1
779450,1
41388,1
324210,1
527518,1
995095,1
68508,1
645526,1
803925,1
310865,1
243590,1
739831,1
838039,1
93918,1
115526,1
164262,1
727311,1
735220,1
468210,1
689122,1
53596,1
799186,1
101084,1
30439,1
810252,1
821303,1
292964,1
302407,1
271892,1
732321,1
447410,1
803265,1
196513,1
365268,1
202213,1
325954,1
969878,1
626863,1
549662,1
583897,1
81079,1
74615,1
390771,1
921683,1
260545,1
746062,1
523766,1
369387,1
387902,1
407975,1
843647,1
668518,1
259924,1
823007,1
133194,1
999383,1
844853,1
811166,1
700248,1
312802,1
703577,1
842529,1
133240,1
637996,1
242561,1
970006,1
651603,1
339673,1
675644,1
793976,1
162961,1
469570,1
681176,1
887401,1
891406,1
751950,1
965377,1
773946,1
84122,1
845066,1
389748,1
837821,1
967629,1
864765,1
266087,1
41710,1
112134,1
513080,1
452254,1
564272,1
876098,1
273845,1
343129,1
622330,1
296515,1
199651,1
265010,1
124863,1
619557,1
500287,1
366450,1
626887,1
426254,1
535685,1
617761,1
616786,1
863271,1
516407,1
148449,1
849472,1
665945,1
479060,1
736724,1
288008,1
638394,1
779022,1
951766,1
535506,1
202738,1
863224,1
870370,1
721194,1
981141,1
252336,1
77169,1
68528,1
38903,1
256464,1
11425,1
898966,1
860813,1
873715,1
81184,1
106630,1
203802,1
904553,1
793878,1
727291,1
659013,1
170414,1
545030,1
935399,1
720843,1
24407,1
368110,1
503818,1
556178,1
905326,1
337724,1
69700,1
114542,1
160079,1
903579,1
646349,1
161942,1
598614,1
663644,1
329622,1
263883,1
296398,1
566777,1
158516,1
764934,1
404621,1
803119,1
610999,1
737690,1
312628,1
712615,1
188749,1
814343,1
988637,1
880191,1
280042,1
630479,1
46849,1
667139,1
445425,1
136052,1
811010,1
170283,1
900662,1
493441,1
94212,1
753640,1
312169,1
202533,1
102614,1
619990,1
86350,1
63121,1
121852,1
600352,1
124929,1
75897,1
574497,1
24804,1
596222,1
906004,1
539619,1
110125,1
448051,1
790726,1
822650,1
381243,1
730979,1
936649,1
587095,1
612202,1
429050,1
700694,1
851416,1
547091,1
51713,1
125090,1
81094,1
46987,1
10385,1
660879,1
815867,1
182651,1
13152,1
612985,1
668026,1
286216,1
872878,1
346203,1
717045,1
118481,1
67795,1
965112,1
942456,1
49607,1
336321,1
220175,1
218973,1
458027,1
932536,1
239165,1
473283,1
10468,1
965411,1
733655,1
383468,1
796762,1
184596,1
327092,1
158124,1
998269,1
332356,1
495084,1
610404,1
478417,1
599073,1
476278,1
433925,1
184487,1
899620,1
237593,1
637818,1
487541,1
323186,1
767342,1
897943,1
893076,1
227111,1
484479,1
142536,1
511856,1
486621,1
793118,1
350625,1
875997,1
520873,1
980231,1
486454,1
790783,1
119066,1
795590,1
703949,1
226753,1
497219,1
133965,1
108181,1
574156,1
510374,1
547861,1
154116,1
445954,1
997533,1
624946,1
463357,1
912071,1
789575,1
733504,1
921494,1
182771,1
577188,1
77565,1
13576,1
850213,1
233403,1
158376,1
42715,1
125277,1
794752,1
738883,1
646317,1
908688,1
767328,1
771691,1
259880,1
825122,1
884467,1
787682,1
609778,1
737682,1
908388,1
424425,1
323128,1
628679,1
678862,1
838507,1
205713,1
681150,1
7572,1
941573,1
274509,1
684872,1
370024,1
291351,1
155280,1
493518,1
955736,1
475150,1
814784,1
934550,1
236229,1
868776,1
724046,1
948949,1
383876,1
131974,1
986064,1
428108,1
926841,1
494582,1
781163,1
92910,1
486,1
491939,1
53227,1
800250,1
253165,1
31100,1
457211,1
164443,1
646128,1
26297,1
641969,1
593800,1
256579,1
805014,1
418189,1
640885,1
497723,1
627483,1
654700,1
237079,1
432087,1
572031,1
962862,1
73015,1
308754,1
686614,1
620529,1
342626,1
875135,1
135651,1
566883,1
708737,1
771565,1
146085,1
713094,1
540959,1
824998,1
387636,1
6977,1
581176,1
272574,1
312899,1
405772,1
423226,1
15617,1
73801,1
581076,1
763519,1
916909,1
646077,1
551261,1
182472,1
180047,1
986479,1
238659,1
76266,1
98479,1
177204,1
298152,1
328729,1
297260,1
567264,1
329437,1
985621,1
789426,1
246326,1
933736,1
378617,1
254499,1
174922,1
312720,1
568863,1
903966,1
730989,1
191303,1
261053,1
179969,1
411209,1
293338,1
224041,1
627912,1
763334,1
769155,1
93337,1
802385,1
42183,1
407596,1
368054,1
618952,1
648741,1
877147,1
996306,1
154289,1
333682,1
746454,1
504683,1
455348,1
744762,1
153848,1
429721,1
460217,1
622753,1
925836,1
140313,1
498154,1
848278,1
694120,1
614569,1
511015,1
56117,1
97915,1
684968,1
290122,1
896238,1
105501,1
155182,1
243396,1
425069,1
3804,1
92161,1
360732,1
850932,1
20149,1
695895,1
972635,1
986282,1
568549,1
434652,1
507521,1
263473,1
267646,1
149939,1
274077,1
776304,1
370879,1
404861,1
204227,1
819486,1
142966,1
818701,1
274044,1
665722,1
421305,1
704236,1
349774,1
635513,1
652424,1
146233,1
676332,1
696485,1
474898,1
939207,1
135234,1
4494,1
678001,1
505970,1
656254,1
552023,1
561933,1
885448,1
284977,1
455946,1
891808,1
349787,1
598581,1
327527,1
631112,1
780626,1
617439,1
778454,1
411141,1
694508,1
451340,1
200823,1
252827,1
997245,1
593241,1
150780,1
701541,1
342006,1
182752,1
597528,1
979212,1
730965,1
705732,1
852885,1
567968,1
58159,1
485485,1
270505,1
221568,1
261639,1
493242,1
988625,1
127890,1
582873,1
596848,1
653100,1
681574,1
228139,1
121922,1
941781,1
169175,1
253167,1
715413,1
15656,1
825086,1
207315,1
823519,1
369940,1
359076,1
802295,1
44252,1
230042,1
663144,1
235342,1
948529,1
649033,1
622688,1
500735,1
295382,1
982200,1
349178,1
395381,1
544107,1
538241,1
591984,1
45181,1
708342,1
950412,1
118586,1
833509,1
694880,1
501069,1
537327,1
736909,1
777838,1
14607,1
198247,1
532727,1
971954,1
506983,1
740265,1
628974,1
273978,1
890446,1
555626,1
266376,1
555259,1
605751,1
642647,1
8695,1
288654,1
420856,1
822637,1
495623,1
444782,1
598329,1
581704,1
274996,1
185975,1
6500,1
4922,1
314724,1
864689,1
890303,1
298217,1
58759,1
665061,1
711365,1
53886,1
639109,1
955199,1
56403,1
986454,1
725929,1
308560,1
63259,1
893580,1
910594,1
635622,1
332270,1
230361,1
970928,1
987005,1
599243,1
415291,1
353090,1
571695,1
442038,1
766968,1
572932,1
770249,1
380515,1
308454,1
870967,1
35630,1
809561,1
51932,1
937854,1
845936,1
48136,1
337375,1
129260,1
651061,1
949433,1
38474,1
780400,1
900148,1
717361,1
315768,1
1094,1
371575,1
334703,1
347301,1
333023,1
760539,1
986393,1
113410,1
533841,1
646375,1
208765,1
874552,1
581056,1
564133,1
238576,1
771517,1
569298,1
362439,1
313524,1
453646,1
267618,1
552103,1
922833,1
161548,1
547728,1
882173,1
196745,1
329376,1
561279,1
152362,1
577289,1
569331,1
797033,1
697697,1
705751,1
780961,1
607260,1
56078,1
233570,1
900516,1
526766,1
950781,1
445119,1
299523,1
700364,1
638191,1
746929,1
585971,1
568079,1
102283,1
154483,1
870534,1
367520,1
483579,1
846473,1
863386,1
448491,1
879144,1
661533,1
778544,1
26334,1
568606,1
694622,1
176767,1
787826,1
765977,1
79002,1
628012,1
468570,1
989146,1
458415,1
677605,1
896052,1
689114,1
743964,1
562549,1
609521,1
769546,1
936010,1
28321,1
907350,1
15176,1
619727,1
755696,1
659339,1
868242,1
878577,1
27645,1
94375,1
96253,1
106662,1
927688,1
174681,1
5808,1
562069,1
697588,1
323681,1
767676,1
23872,1
901914,1
940000,1
152867,1
174045,1
952247,1
420045,1
219993,1
384450,1
284022,1
281768,1
969999,1
692396,1
566712,1
397080,1
400965,1
553873,1
314655,1
210043,1
66392,1
888438,1
42015,1
155936,1
456964,1
100619,1
165244,1
918091,1
225368,1
809620,1
543287,1
858075,1
342041,1
501333,1
688842,1
259862,1
844239,1
939482,1
851282,1
782419,1
156502,1
411451,1
778098,1
748621,1
991104,1
429100,1
242868,1
383918,1
665976,1
464303,1
136987,1
210063,1
931052,1
726315,1
430258,1
366927,1
303238,1
485960,1
300485,1
486143,1
487258,1
86791,1
483979,1
557002,1
651130,1
240130,1
854919,1
126330,1
959514,1
669369,1
906463,1
251017,1
17936,1
275097,1
973737,1
398175,1
549419,1
830932,1
62153,1
836743,1
688979,1
467710,1
786829,1
475922,1
756330,1
129546,1
283112,1
177141,1
27227,1
991302,1
769041,1
982553,1
882621,1
953530,1
834944,1
561470,1
384297,1
521834,1
878776,1
800561,1
332192,1
626665,1
720978,1
471603,1
840316,1
270413,1
666499,1
934904,1
750005,1
370595,1
93511,1
389325,1
285464,1
537960,1
523402,1
453346,1
286755,1
735544,1
737829,1
866869,1
887135,1
539693,1
912791,1
32937,1
607228,1
678005,1
547998,1
111384,1
135862,1
585961,1
851295,1
876430,1
161949,1
265741,1
469560,1
625147,1
843557,1
246532,1
397532,1
363915,1
535584,1
195696,1
432742,1
45471,1
147931,1
351920,1
728240,1
15379,1
138964,1
406562,1
673979,1
6599,1
3316,1
963207,1
292792,1
715826,1
901330,1
658591,1
700745,1
684686,1
585044,1
72912,1
292080,1
775106,1
429183,1
79809,1
710041,1
359322,1
558178,1
883974,1
796425,1
792125,1
603149,1
412743,1
899120,1
77176,1
48054,1
744133,1
792380,1
450463,1
923478,1
825217,1
92054,1
455204,1
166549,1
864815,1
736961,1
495799,1
988766,1
440864,1
7273,1
114016,1
713565,1
713129,1
681654,1
633587,1
489731,1
71236,1
954902,1
608676,1
841621,1
938387,1
96791,1
336255,1
654234,1
568095,1
297199,1
63520,1
146672,1
156613,1
209688,1
233240,1
635250,1
818370,1
250804,1
472432,1
526619,1
932140,1
678223,1
499800,1
94093,1
975989,1
546488,1
823328,1
83230,1
613657,1
465639,1
37735,1
508126,1
338723,1
216769,1
924616,1
128444,1
781378,1
161766,1
629937,1
448114,1
337455,1
928110,1
348665,1
925085,1
350345,1
255901,1
798119,1
649555,1
678457,1
127945,1
306053,1
429997,1
84686,1
178031,1
433817,1
727081,1
92555,1
736073,1
684291,1
208436,1
631966,1
632170,1
552169,1
700411,1
398682,1
864408,1
791122,1
311939,1
212992,1
439770,1
888670,1
246648,1
52909,1
185340,1
954861,1
312141,1
779676,1
501230,1
655913,1
869690,1
692291,1
7733,1
323305,1
522534,1
255257,1
342294,1
336712,1
847143,1
958883,1
32011,1
645444,1
591370,1
921487,1
213184,1
191035,1
486019,1
967576,1
485397,1
274091,1
971373,1
80530,1
441388,1
219687,1
589095,1
717337,1
309919,1
624761,1
538959,1
933506,1
255735,1
960885,1
547227,1
955114,1
490235,1
30625,1
344466,1
352351,1
91361,1
644448,1
321910,1
294122,1
502744,1
450547,1
952430,1
917415,1
546639,1
498408,1
19737,1
89008,1
401448,1
117558,1
713838,1
52888,1
692934,1
211232,1
738012,1
430717,1
429013,1
622733,1
175296,1
208540,1
341637,1
980407,1
747972,1
10675,1
413483,1
492601,1
440868,1
179308,1
850302,1
994884,1
280069,1
225213,1
383465,1
495245,1
457142,1
918082,1
850665,1
119798,1
197624,1
419286,1
66539,1
937594,1
458056,1
391586,1
537905,1
940773,1
63636,1
350290,1
399262,1
879570,1
242644,1
360419,1
702569,1
195816,1
757711,1
927763,1
709644,1
713965,1
645834,1
917740,1
102859,1
302987,1
533731,1
989796,1
998974,1
238041,1
849413,1
277751,1
42975,1
243718,1
993297,1
162328,1
341635,1
650311,1
244956,1
203918,1
474921,1
111066,1
706768,1
701078,1
469942,1
396077,1
930734,1
769160,1
324,1
685392,1
195255,1
132265,1
232617,1
671491,1
24200,1
670870,1
187081,1
740680,1
183014,1
1002,1
437581,1
13562,1
525771,1
484704,1
435190,1
563240,1
980945,1
71688,1
43993,1
674237,1
609692,1
994995,1
17950,1
660705,1
488065,1
718541,1
789782,1
774504,1
942387,1
913856,1
68822,1
498872,1
282396,1
607114,1
293524,1
67727,1
926215,1
237135,1
13937,1
105223,1
989572,1
548324,1
565886,1
319852,1
958100,1
343719,1
731863,1
603466,1
119608,1
692785,1
764412,1
853757,1
822612,1
400706,1
506377,1
676465,1
528708,1
426419,1
540054,1
912100,1
274630,1
554174,1
905680,1
418450,1
418141,1
307012,1
890324,1
682705,1
379783,1
843593,1
22034,1
616085,1
672236,1
440264,1
162520,1
571452,1
178299,1
187726,1
162956,1
650239,1
285695,1
62508,1
601101,1
888833,1
452911,1
532091,1
647934,1
205997,1
376530,1
491158,1
670340,1
63710,1
373166,1
123762,1
949504,1
282697,1
796241,1
968995,1
114369,1
505454,1
804838,1
254338,1
357839,1
356216,1
27874,1
985071,1
718353,1
10863,1
519963,1
398011,1
858431,1
781976,1
647740,1
509315,1
180805,1
153440,1
721700,1
665905,1
425155,1
592618,1
604000,1
706419,1
626332,1
675525,1
35335,1
879999,1
695422,1
282559,1
347486,1
237897,1
83693,1
434463,1
936349,1
467990,1
339981,1
998342,1
769234,1
812406,1
325242,1
274653,1
141806,1
239144,1
537273,1
147807,1
207974,1
357314,1
789590,1
752831,1
719483,1
717031,1
744804,1
912022,1
541124,1
999263,1
986822,1
397991,1
819649,1
917021,1
742017,1
68689,1
233448,1
391815,1
625916,1
602874,1
384242,1
248317,1
597775,1
505736,1
830762,1
268977,1
169209,1
674056,1
303834,1
893012,1
950264,1
155098,1
643801,1
37382,1
239109,1
811745,1
307324,1
651589,1
728961,1
995965,1
32617,1
345264,1
670510,1
187322,1
643839,1
656403,1
407063,1
456801,1
279241,1
173656,1
140144,1
695410,1
342379,1
904821,1
102149,1
315058,1
443380,1
328359,1
822742,1
363827,1
369444,1
15004,1
425757,1
795670,1
994106,1
521233,1
629606,1
428345,1
376182,1
557421,1
351678,1
566520,1
951080,1
431383,1
164681,1
711690,1
487536,1
12892,1
93856,1
616594,1
55340,1
977890,1
767055,1
449932,1
916728,1
116029,1
385866,1
560183,1
264529,1
410097,1
759381,1
846166,1
975978,1
73908,1
564366,1
218212,1
774290,1
468930,1
692526,1
425303,1
907670,1
345212,1
686682,1
130895,1
78847,1
813529,1
512340,1
643621,1
492385,1
105981,1
106267,1
395551,1
133092,1
62304,1
773877,1
261474,1
2066,1
880642,1
168822,1
291414,1
518500,1
474278,1
250041,1
369792,1
549105,1
735919,1
415660,1
390548,1
586365,1
801663,1
21444,1
429715,1
485778,1
353052,1
39102,1
874377,1
582519,1
714029,1
562887,1
161206,1
242518,1
333341,1
526794,1
862925,1
964831,1
141282,1
642970,1
437390,1
251594,1
3947,1
782071,1
876155,1
518691,1
571034,1
57352,1
444558,1
44613,1
583126,1
516278,1
599097,1
144626,1
362282,1
465505,1
781993,1
840724,1
385584,1
332709,1
913766,1
49767,1
416908,1
607640,1
642312,1
66809,1
55451,1
776252,1
146193,1
839366,1
579210,1
597687,1
619476,1
414013,1
380700,1
896367,1
334698,1
314624,1
991473,1
549413,1
242209,1
969368,1
348883,1
418492,1
470540,1
458378,1
109266,1
796016,1
146189,1
908598,1
305829,1
150626,1
314295,1
785092,1
349953,1
315604,1
719053,1
625475,1
904281,1
864899,1
98191,1
393935,1
976682,1
115902,1
714477,1
904871,1
40002,1
196167,1
876677,1
639041,1
658238,1
118538,1
585684,1
212373,1
439871,1
372248,1
808291,1
740677,1
286600,1
39137,1
242134,1
789533,1
974607,1
121892,1
925466,1
659381,1
71947,1
619589,1
538261,1
401624,1
592687,1
770681,1
655254,1
803295,1
770982,1
841939,1
773430,1
910369,1
529946,1
453960,1
199412,1
928138,1
89026,1
936076,1
48194,1
543968,1
428811,1
199176,1
308647,1
472164,1
14347,1
792863,1
730475,1
302030,1
729730,1
355810,1
520559,1
116986,1
242175,1
214431,1
627510,1
372797,1
821047,1
859883,1
184039,1
575649,1
406507,1
208568,1
371985,1
440835,1
647629,1
897754,1
802877,1
254620,1
306648,1
80762,1
65253,1
221872,1
655251,1
400521,1
899111,1
213627,1
32882,1
127013,1
296021,1
246508,1
881303,1
877621,1
913736,1
28168,1
616816,1
337927,1
60850,1
382625,1
306424,1
125916,1
887268,1
646241,1
833300,1
640993,1
185928,1
723717,1
161924,1
653426,1
326871,1
23219,1
694941,1
511624,1
713841,1
757148,1
233609,1
481699,1
788178,1
258840,1
180910,1
143846,1
397187,1
735956,1
697066,1
398754,1
159756,1
583833,1
347170,1
840626,1
976083,1
936082,1
707118,1
230817,1
647480,1
886880,1
669722,1
89211,1
965203,1
205053,1
792494,1
810157,1
244378,1
953700,1
823363,1
643295,1
844388,1
111866,1
891158,1
658186,1
376161,1
733882,1
524949,1
754796,1
747068,1
260344,1
341280,1
833793,1
456224,1
942777,1
813648,1
703664,1
454700,1
774633,1
713981,1
439771,1
877051,1
557810,1
999361,1
541390,1
843489,1
864943,1
624938,1
672160,1
651084,1
657393,1
730399,1
507652,1
836399,1
231,1
141372,1
67600,1
486188,1
788413,1
163707,1
175537,1
899924,1
387467,1
300294,1
263648,1
546601,1
208409,1
988785,1
460408,1
596290,1
152927,1
330596,1
813049,1
29924,1
966487,1
211780,1
934971,1
396644,1
389863,1
151900,1
529295,1
197911,1
795755,1
826090,1
10291,1
827586,1
342303,1
467556,1
237893,1
182715,1
523321,1
363106,1
23004,1
928252,1
391847,1
675665,1
348827,1
729449,1
232059,1
171354,1
161420,1
920419,1
125728,1
529144,1
38443,1
923595,1
281501,1
755722,1
34877,1
948297,1
655292,1
624662,1
617813,1
872665,1
251854,1
836359,1
798768,1
922488,1
446131,1
711942,1
132672,1
117315,1
786925,1
88937,1
841709,1
764509,1
263838,1
903611,1
135121,1
144821,1
632162,1
360173,1
448103,1
678866,1
415234,1
724647,1
665309,1
957065,1
224939,1
133760,1
402953,1
647958,1
973496,1
211487,1
970549,1
322361,1
758055,1
34105,1
684967,1
167784,1
645719,1
183603,1
644988,1
417921,1
634015,1
855655,1
364166,1
818184,1
637913,1
584433,1
54701,1
417381,1
883513,1
518360,1
599938,1
638621,1
961715,1
697302,1
167532,1
65065,1
872916,1
199128,1
977732,1
387630,1
42462,1
349811,1
534173,1
785799,1
403726,1
504476,1
32252,1
440593,1
892685,1
536460,1
806307,1
670875,1
681122,1
781879,1
247068,1
112810,1
603763,1
340383,1
401550,1
397696,1
292460,1
46055,1
922725,1
420119,1
345844,1
495305,1
575462,1
353591,1
697999,1
645309,1
775388,1
616411,1
137885,1
451960,1
789115,1
477120,1
471531,1
643397,1
981119,1
905720,1
527327,1
214262,1
764356,1
285265,1
109031,1
889920,1
918544,1
345862,1
626861,1
407425,1
112891,1
892965,1
500622,1
359206,1
132398,1
141932,1
27158,1
312699,1
641045,1
548793,1
614023,1
195809,1
462314,1
505590,1
475827,1
347787,1
246778,1
974119,1
585186,1
76203,1
637597,1
999983,1
465780,1
735013,1
290151,1
347870,1
446311,1
408612,1
196509,1
129739,1
624840,1
806364,1
616197,1
376651,1
568226,1
51453,1
646773,1
462459,1
932633,1
420183,1
992903,1
968742,1
345859,1
890862,1
674121,1
268219,1
7655,1
497236,1
186163,1
706987,1
128531,1
315675,1
746780,1
968654,1
252133,1
53344,1
933095,1
161392,1
694317,1
682757,1
583969,1
230320,1
927233,1
702609,1
449579,1
52493,1
275488,1
308521,1
960368,1
275530,1
833217,1
800449,1
244138,1
642606,1
370237,1
36966,1
12748,1
465047,1
688977,1
843598,1
790157,1
242160,1
628826,1
446288,1
322424,1
803087,1
634079,1
825627,1
961667,1
33808,1
198272,1
990123,1
469488,1
463957,1
880361,1
584773,1
374553,1
183275,1
113375,1
190844,1
795230,1
444102,1
259635,1
497056,1
205201,1
830570,1
177632,1
874661,1
204768,1
426709,1
666101,1
728666,1
622683,1
539304,1
490246,1
862832,1
91092,1
629284,1
581779,1
767922,1
207825,1
488877,1
290673,1
587933,1
12343,1
991667,1
366178,1
990370,1
345018,1
900182,1
23133,1
813652,1
155474,1
265814,1
976781,1
853893,1
125784,1
722067,1
203641,1
455687,1
21780,1
739736,1
663336,1
669160,1
99220,1
736519,1
162533,1
272392,1
809568,1
408446,1
293618,1
614427,1
448949,1
434123,1
694186,1
480120,1
343589,1
595575,1
880717,1
302744,1
631761,1
706535,1
121619,1
177940,1
94004,1
300637,1
324458,1
336980,1
3151,1
390611,1
336024,1
811013,1
920143,1
824716,1
453544,1
368830,1
556824,1
744397,1
647697,1
539985,1
399389,1
715168,1
784741,1
117318,1
568817,1
377392,1
111643,1
8723,1
262101,1
551225,1
377121,1
388278,1
387855,1
396758,1
821375,1
307577,1
11874,1
152947,1
373196,1
681799,1
195033,1
470515,1
542193,1
786188,1
952036,1
782706,1
232723,1
443670,1
685079,1
276015,1
373750,1
956265,1
847491,1
511736,1
301549,1
491260,1
502197,1
972927,1
740869,1
519113,1
573875,1
858962,1
528969,1
570551,1
883034,1
169392,1
269695,1
47454,1
391822,1
628083,1
644328,1
436950,1
26551,1
647139,1
179680,1
363692,1
483048,1
540983,1
788092,1
205106,1
785011,1
33426,1
338299,1
240223,1
514220,1
767021,1
458376,1
871950,1
648034,1
302254,1
638987,1
543051,1
518964,1
205963,1
895438,1
838812,1
396598,1
9385,1
53503,1
857881,1
899149,1
983942,1
717325,1
193613,1
287333,1
242144,1
966042,1
167148,1
3451,1
223188,1
571929,1
484537,1
261371,1
333480,1
717182,1
18369,1
239212,1
713047,1
896499,1
19234,1
576063,1
865976,1
865858,1
214133,1
7500,1
461792,1
909060,1
896636,1
923236,1
363209,1
943350,1
23718,1
732753,1
436406,1
226552,1
995707,1
860633,1
283389,1
828750,1
750985,1
10691,1
968989,1
283169,1
479441,1
49000,1
895112,1
89198,1
731498,1
873492,1
748686,1
493732,1
666504,1
291794,1
591070,1
399545,1
898448,1
655033,1
653524,1
933765,1
98740,1
701254,1
460181,1
750030,1
745890,1
633094,1
885609,1
642211,1
893929,1
233330,1
187583,1
1778,1
468742,1
757706,1
197401,1
145207,1
969010,1
93645,1
262801,1
874333,1
593952,1
874815,1
792528,1
96606,1
104081,1
951844,1
240191,1
741518,1
490704,1
787476,1
356997,1
804006,1
873876,1
623346,1
987897,1
914419,1
412157,1
2028,1
605102,1
749238,1
307392,1
397422,1
338237,1
80541,1
449512,1
294833,1
413620,1
387693,1
450373,1
589886,1
516932,1
581483,1
346955,1
734933,1
288357,1
303455,1
224575,1
576795,1
15284,1
573941,1
919384,1
719494,1
24551,1
183366,1
336178,1
634250,1
609196,1
974078,1
839965,1
232062,1
924312,1
575336,1
124851,1
806164,1
732761,1
500599,1
412117,1
906349,1
913803,1
393406,1
189856,1
310554,1
919892,1
569801,1
817363,1
440342,1
720834,1
406014,1
142478,1
759688,1
371839,1
628608,1
488708,1
498562,1
43007,1
466461,1
103442,1
685532,1
488405,1
681057,1
353092,1
284569,1
395034,1
366099,1
577799,1
854121,1
264258,1
349261,1
122095,1
910800,1
638147,1
101951,1
309070,1
570235,1
59157,1
669686,1
558941,1
51268,1
991319,1
514870,1
52275,1
44216,1
326352,1
930456,1
837886,1
425286,1
354627,1
590555,1
540462,1
981998,1
135020,1
981661,1
805343,1
776590,1
700547,1
575771,1
810435,1
107181,1
122281,1
556956,1
77126,1
290670,1
517369,1
808687,1
114203,1
15842,1
102935,1
23002,1
404865,1
567081,1
211891,1
619002,1
684757,1
179146,1
935520,1
824330,1
150637,1
119377,1
768227,1
149919,1
669199,1
185722,1
336736,1
544432,1
461608,1
543004,1
34682,1
92880,1
215890,1
888835,1
181401,1
189154,1
872090,1
845259,1
218304,1
567409,1
399514,1
672209,1
4403,1
445740,1
464276,1
886163,1
187666,1
160670,1
285723,1
272753,1
170877,1
698764,1
132467,1
39110,1
606934,1
17095,1
13523,1
462723,1
389239,1
587505,1
690523,1
253146,1
167461,1
716193,1
754194,1
937593,1
795201,1
941129,1
951756,1
541050,1
676119,1
383346,1
318732,1
177261,1
374551,1
335242,1
669156,1
147257,1
631258,1
577768,1
556221,1
172964,1
767518,1
905221,1
937706,1
676551,1
411028,1
968883,1
65085,1
974176,1
281304,1
860156,1
885791,1
174569,1
674895,1
70824,1
604290,1
927676,1
731245,1
143452,1
342692,1
871087,1
761613,1
798311,1
635795,1
700014,1
791049,1
279700,1
507646,1
444407,1
465916,1
134834,1
852541,1
962364,1
176463,1
992510,1
975849,1
420299,1
704863,1
421447,1
935240,1
461836,1
819440,1
419330,1
535890,1
841407,1
826224,1
546860,1
624360,1
587419,1
389504,1
860824,1
793887,1
945522,1
436399,1
797196,1
642292,1
258901,1
233757,1
875599,1
860413,1
922066,1
719718,1
667210,1
954662,1
593300,1
491493,1
943128,1
670317,1
550089,1
152533,1
725903,1
685530,1
679978,1
247717,1
803475,1
776944,1
232693,1
752730,1
526205,1
831699,1
739965,1
251342,1
718512,1
816966,1
903146,1
891315,1
787078,1
21589,1
322283,1
867456,1
22847,1
520018,1
767439,1
808874,1
257679,1
635476,1
336477,1
398328,1
386898,1
559407,1
658452,1
64700,1
636423,1
906223,1
773709,1
441850,1
133043,1
553119,1
632138,1
320905,1
975115,1
38430,1
733245,1
384813,1
464528,1
786000,1
684182,1
221073,1
965970,1
691400,1
691422,1
63149,1
94816,1
613499,1
910979,1
50617,1
529874,1
144763,1
477049,1
718864,1
799336,1
429124,1
16399,1
389891,1
803662,1
45923,1
260020,1
780749,1
618441,1
139969,1
723808,1
188951,1
609927,1
98321,1
513818,1
943916,1
847508,1
425538,1
231808,1
618984,1
810170,1
952783,1
310439,1
955627,1
201714,1
253507,1
336728,1
739980,1
652034,1
786046,1
338331,1
978337,1
559940,1
930566,1
619635,1
44405,1
436944,1
609023,1
888451,1
565182,1
230971,1
966471,1
633801,1
596337,1
434014,1
876617,1
60545,1
971322,1
634921,1
851954,1
717758,1
421679,1
890281,1
665551,1
356135,1
963332,1
574829,1
81371,1
603906,1
468076,1
659606,1
97195,1
493580,1
880721,1
96026,1
252046,1
856130,1
472832,1
209090,1
609183,1
514259,1
681249,1
25872,1
408169,1
905925,1
459544,1
913419,1
71764,1
92104,1
74545,1
870533,1
393229,1
686549,1
299868,1
725140,1
661441,1
474203,1
242949,1
179621,1
537577,1
847478,1
884263,1
793221,1
819944,1
490010,1
939135,1
323575,1
893288,1
116830,1
362231,1
471844,1
176547,1
565202,1
329502,1
638907,1
614055,1
51534,1
945333,1
122940,1
469138,1
880749,1
778694,1
104364,1
368719,1
193727,1
665192,1
565739,1
343223,1
279885,1
892105,1
140680,1
790521,1
412336,1
445997,1
779795,1
681616,1
367686,1
506370,1
132168,1
759108,1
607329,1
833214,1
989639,1
381419,1
152267,1
84283,1
983881,1
657049,1
460356,1
700177,1
724623,1
269340,1
535460,1
552058,1
163554,1
243130,1
943320,1
931056,1
574005,1
321998,1
313038,1
651974,1
744160,1
911544,1
28314,1
420118,1
865942,1
782992,1
175154,1
65902,1
787883,1
791692,1
207757,1
976442,1
758755,1
867625,1
607007,1
938596,1
994970,1
528695,1
534510,1
661942,1
715352,1
786120,1
840591,1
649191,1
229841,1
783682,1
218198,1
446581,1
936827,1
152582,1
728227,1
11920,1
622280,1
735540,1
9279,1
757282,1
904522,1
347211,1
820479,1
756206,1
678920,1
440259,1
559157,1
406889,1
388681,1
88041,1
854980,1
922520,1
213898,1
145369,1
860687,1
680519,1
321220,1
882331,1
907463,1
335976,1
622805,1
349122,1
324368,1
581146,1
455964,1
160166,1
580239,1
18671,1
716376,1
979435,1
252476,1
838635,1
846835,1
981163,1
236535,1
927987,1
710593,1
610576,1
758414,1
18822,1
424206,1
154236,1
729958,1
407521,1
824810,1
554576,1
996125,1
508149,1
280895,1
110710,1
583480,1
667841,1
949978,1
396471,1
837179,1
737124,1
294524,1
641827,1
416947,1
515505,1
588319,1
604614,1
446458,1
37360,1
704078,1
544705,1
63842,1
901931,1
269577,1
138417,1
426497,1
674947,1
247478,1
209270,1
992108,1
255923,1
972520,1
942975,1
664932,1
799405,1
937887,1
173729,1
485359,1
134379,1
760079,1
398627,1
32929,1
299783,1
44735,1
728497,1
183312,1
94753,1
14623,1
353731,1
297818,1
713609,1
362414,1
34025,1
704233,1
579173,1
591696,1
315835,1
270023,1
926733,1
30642,1
665957,1
28337,1
417278,1
50742,1
358351,1
200711,1
389793,1
454424,1
717217,1
294907,1
198716,1
606121,1
970000,1
398295,1
849951,1
971806,1
500923,1
307702,1
960324,1
645317,1
29213,1
477346,1
299162,1
544515,1
880298,1
612332,1
766985,1
361680,1
302664,1
200394,1
447949,1
99648,1
928859,1
83796,1
925802,1
294633,1
303648,1
314580,1
572088,1
200392,1
641822,1
385091,1
556789,1
203724,1
296730,1
916865,1
435206,1
797442,1
586862,1
544527,1
342507,1
159414,1
873750,1
240786,1
912315,1
430947,1
502009,1
406685,1
783825,1
994307,1
826534,1
958248,1
965880,1
641657,1
250465,1
447013,1
855359,1
807064,1
986805,1
461201,1
488707,1
895905,1
801388,1
34910,1
242159,1
45534,1
976055,1
937872,1
838818,1
590122,1
21289,1
762446,1
164145,1
397452,1
95291,1
870694,1
419126,1
314286,1
951661,1
187089,1
375759,1
679611,1
422353,1
886918,1
678095,1
839278,1
379592,1
738080,1
336714,1
1816,1
657388,1
683321,1
477660,1
223453,1
421643,1
43719,1
381965,1
294032,1
109220,1
874526,1
440019,1
927947,1
574554,1
128567,1
378707,1
592854,1
456458,1
962041,1
750953,1
52542,1
122796,1
187289,1
265431,1
828671,1
244357,1
753421,1
204521,1
14384,1
938581,1
739493,1
272480,1
293270,1
407620,1
221779,1
700583,1
491385,1
648006,1
271260,1
68436,1
7675,1
820467,1
957518,1
192926,1
970423,1
960163,1
458966,1
644790,1
85869,1
775140,1
802518,1
110473,1
640417,1
280223,1
494357,1
174044,1
731471,1
3723,1
3202,1
549109,1
873234,1
580874,1
56879,1
608787,1
151713,1
457952,1
155514,1
572568,1
471996,1
749681,1
85658,1
509974,1
45633,1
163316,1
168820,1
540509,1
203774,1
589068,1
930997,1
327726,1
673125,1
470462,1
275391,1
723919,1
446680,1
141194,1
583867,1
302930,1
757862,1
649240,1
551327,1
162535,1
715022,1
356711,1
279120,1
564,1
121545,1
242286,1
625921,1
216342,1
534568,1
173469,1
451677,1
565007,1
858239,1
707167,1
581249,1
833702,1
14926,1
448775,1
864201,1
15881,1
57888,1
525539,1
672859,1
297051,1
413953,1
20613,1
783978,1
44946,1
739146,1
242763,1
427532,1
482620,1
338775,1
963222,1
853096,1
178136,1
507896,1
872710,1
756649,1
427921,1
236300,1
472843,1
585050,1
722000,1
652221,1
157054,1
758676,1
842465,1
212791,1
695776,1
699957,1
232164,1
517116,1
930064,1
576283,1
265567,1
17842,1
798939,1
168339,1
106814,1
825225,1
360538,1
612554,1
853657,1
98480,1
177484,1
777232,1
768047,1
881405,1
671404,1
329427,1
184153,1
859092,1
456205,1
280330,1
203075,1
272683,1
102279,1
251364,1
691018,1
171437,1
584523,1
352915,1
938918,1
118705,1
362862,1
162835,1
684924,1
192051,1
302733,1
338757,1
964326,1
84507,1
785363,1
504198,1
232387,1
169990,1
191543,1
746266,1
389694,1
202010,1
693828,1
234488,1
933815,1
536804,1
568070,1
757915,1
214113,1
430081,1
219191,1
154202,1
265504,1
192317,1
231203,1
921692,1
582394,1
103419,1
469177,1
67327,1
409807,1
576187,1
550239,1
648313,1
375610,1
288718,1
661607,1
440008,1
937627,1
721289,1
287145,1
281673,1
886513,1
407091,1
42518,1
742525,1
118175,1
339939,1
746758,1
47529,1
750212,1
162028,1
937194,1
491132,1
474018,1
361042,1
799826,1
513377,1
329632,1
994041,1
721268,1
93850,1
610899,1
418447,1
502706,1
910420,1
103571,1
338728,1
143979,1
908115,1
224771,1
203179,1
784900,1
795672,1
197824,1
158701,1
863844,1
678273,1
291587,1
380473,1
144028,1
296369,1
100221,1
353354,1
74660,1
359734,1
593537,1
461573,1
787803,1
498737,1
700957,1
504538,1
736901,1
651995,1
853083,1
582931,1
356177,1
140282,1
615437,1
59916,1
358757,1
144672,1
239716,1
661831,1
795858,1
124164,1
129832,1
112460,1
242681,1
160144,1
422103,1
546746,1
219843,1
151006,1
190868,1
994821,1
531825,1
35242,1
858151,1
432143,1
12320,1
831941,1
584499,1
524383,1
795138,1
152972,1
703808,1
620420,1
465164,1
384067,1
231989,1
946557,1
154720,1
948569,1
435694,1
300631,1
702259,1
881456,1
870399,1
997972,1
662440,1
733984,1
578706,1
232381,1
20967,1
277542,1
191551,1
11712,1
729970,1
937412,1
515785,1
27412,1
626724,1
718433,1
467242,1
127677,1
515849,1
962814,1
73851,1
448294,1
388958,1
88600,1
815016,1
342255,1
315500,1
397781,1
497256,1
900685,1
895026,1
837882,1
857718,1
645914,1
429221,1
733705,1
644143,1
168585,1
823781,1
732801,1
484639,1
144983,1
558804,1
78602,1
509354,1
59464,1
702425,1
194139,1
354470,1
697242,1
959223,1
925997,1
964409,1
552441,1
704720,1
637471,1
392090,1
429352,1
418244,1
212699,1
433115,1
596894,1
744616,1
700389,1
499577,1
939324,1
444327,1
899081,1
562893,1
430444,1
590926,1
301275,1
341119,1
629890,1
292105,1
598093,1
578681,1
450187,1
806371,1
377791,1
552683,1
310662,1
493968,1
213428,1
323918,1
659778,1
931821,1
466144,1
485827,1
576534,1
880020,1
983767,1
307996,1
901703,1
787373,1
488684,1
138535,1
116502,1
418892,1
695046,1
601032,1
260117,1
84408,1
438427,1
260358,1
564732,1
727187,1
126996,1
166715,1
941101,1
963211,1
206732,1
754664,1
991119,1
573773,1
733913,1
324298,1
286589,1
452072,1
574560,1
582553,1
387930,1
106633,1
209318,1
247440,1
645123,1
632243,1
41005,1
510964,1
126015,1
925313,1
946901,1
645629,1
568781,1
966168,1
164600,1
76245,1
54719,1
7509,1
434728,1
68985,1
889229,1
617853,1
230037,1
598028,1
934017,1
204685,1
275992,1
365621,1
71091,1
972408,1
109470,1
79549,1
362284,1
87027,1
7240,1
703452,1
145197,1
1945,1
712767,1
511943,1
228503,1
675038,1
850882,1
157092,1
993050,1
190667,1
56081,1
320095,1
124432,1
929212,1
770494,1
759292,1
726964,1
355876,1
932500,1
251875,1
147687,1
124352,1
567215,1
47328,1
384546,1
714132,1
744069,1
904328,1
174271,1
946120,1
340483,1
280836,1
44911,1
438926,1
502640,1
613771,1
295236,1
651182,1
113815,1
70411,1
770580,1
425733,1
952906,1
859485,1
567060,1
533881,1
470525,1
848469,1
568784,1
877185,1
168726,1
587093,1
987387,1
342669,1
725378,1
487075,1
344476,1
332836,1
767844,1
262960,1
71648,1
529828,1
980495,1
389168,1
981338,1
795799,1
976940,1
96321,1
41753,1
194110,1
504128,1
780124,1
356023,1
398872,1
345019,1
776169,1
359849,1
311294,1
618627,1
155605,1
397357,1
880594,1
282389,1
8701,1
646950,1
701935,1
867236,1
169205,1
677356,1
551956,1
239983,1
829555,1
90918,1
604275,1
172579,1
9475,1
924591,1
676803,1
715117,1
795553,1
672587,1
273880,1
29004,1
596291,1
594134,1
684013,1
262766,1
332492,1
33218,1
511329,1
626443,1
76165,1
210055,1
145456,1
131138,1
864046,1
226831,1
641620,1
121792,1
593310,1
998283,1
366049,1
790955,1
484959,1
518884,1
444593,1
285948,1
262411,1
544648,1
181962,1
29667,1
101815,1
484679,1
165310,1
991755,1
753084,1
645827,1
797101,1
652094,1
415350,1
988696,1
254341,1
619928,1
733556,1
874389,1
889535,1
18492,1
212156,1
446936,1
99337,1
366122,1
857685,1
752290,1
784519,1
841029,1
818114,1
391759,1
218217,1
514458,1
725621,1
277280,1
960351,1
497022,1
673763,1
576817,1
113307,1
623916,1
650738,1
647394,1
764007,1
732898,1
391659,1
175838,1
467890,1
648786,1
192616,1
280107,1
231690,1
760479,1
220087,1
27968,1
435534,1
906542,1
682632,1
807456,1
985511,1
531101,1
405436,1
477213,1
440967,1
334834,1
906815,1
478680,1
184856,1
527493,1
562159,1
244745,1
642003,1
357986,1
46480,1
49925,1
979680,1
662792,1
75837,1
943024,1
576033,1
345642,1
634597,1
743366,1
573632,1
292228,1
843750,1
510205,1
709542,1
228488,1
922831,1
579403,1
395851,1
440675,1
714011,1
679588,1
154261,1
701991,1
78214,1
807282,1
668050,1
734739,1
385189,1
413920,1
651019,1
255286,1
258396,1
931784,1
79989,1
628610,1
439993,1
898414,1
681341,1
150769,1
710936,1
616628,1
811994,1
556747,1
843257,1
99188,1
427006,1
97899,1
706552,1
717134,1
920814,1
583327,1
738594,1
506262,1
63123,1
929360,1
741854,1
305707,1
837793,1
742000,1
918334,1
956244,1
493656,1
155104,1
598173,1
693350,1
858955,1
648396,1
381704,1
761694,1
880806,1
227080,1
623268,1
983828,1
802279,1
987980,1
211241,1
265042,1
174321,1
461455,1
399200,1
52238,1
619713,1
219773,1
276473,1
868018,1
758458,1
929280,1
589155,1
266361,1
914494,1
560119,1
486451,1
881623,1
219667,1
380317,1
221371,1
37074,1
713540,1
548241,1
611865,1
987116,1
322192,1
216069,1
629946,1
13575,1
811195,1
265187,1
664758,1
682704,1
403445,1
254631,1
616375,1
772787,1
964612,1
126727,1
804398,1
904502,1
771068,1
996118,1
48173,1
210227,1
236789,1
70995,1
706649,1
785152,1
905971,1
895249,1
637993,1
626143,1
181536,1
462251,1
146057,1
186483,1
955391,1
627421,1
677657,1
109807,1
2354,1
596661,1
697797,1
449687,1
89035,1
934819,1
474445,1
499061,1
222175,1
816137,1
958446,1
451394,1
988130,1
39619,1
531092,1
970953,1
6685,1
57260,1
339478,1
854673,1
391664,1
105187,1
489312,1
605384,1
345792,1
498080,1
442883,1
366507,1
268424,1
548053,1
816356,1
319790,1
406053,1
749147,1
860970,1
848457,1
163149,1
133966,1
800062,1
702964,1
44870,1
370116,1
264,1
691694,1
386234,1
622990,1
761421,1
550240,1
18557,1
880977,1
900311,1
290640,1
834981,1
805937,1
5660,1
937229,1
602273,1
756623,1
314251,1
859126,1
625840,1
628722,1
31683,1
637301,1
861106,1
962504,1
413768,1
509887,1
252731,1
795288,1
710479,1
174945,1
579830,1
229717,1
144271,1
379189,1
290199,1
200446,1
128390,1
699939,1
108841,1
312441,1
864148,1
950584,1
961196,1
685323,1
805401,1
698939,1
814000,1
58299,1
23273,1
995061,1
676193,1
546056,1
655182,1
69773,1
587608,1
17138,1
280642,1
371093,1
779346,1
818106,1
318382,1
767509,1
777623,1
107387,1
130632,1
187272,1
566063,1
286832,1
63870,1
128230,1
197323,1
716749,1
957299,1
274019,1
203658,1
191203,1
267003,1
716822,1
375666,1
823132,1
377725,1
18572,1
356855,1
105902,1
827866,1
478653,1
349139,1
68048,1
635269,1
363713,1
87799,1
915713,1
609213,1
1868,1
777800,1
574642,1
858064,1
638221,1
480115,1
596549,1
573227,1
667910,1
269505,1
681429,1
980390,1
904230,1
261374,1
889016,1
1873,1
427871,1
574530,1
602979,1
347948,1
282595,1
412481,1
380725,1
63535,1
734774,1
179529,1
633917,1
894682,1
158195,1
763806,1
848639,1
194609,1
865198,1
565875,1
496725,1
953477,1
630968,1
737186,1
526033,1
404501,1
558384,1
904548,1
328893,1
455263,1
411075,1
370060,1
116665,1
432933,1
608567,1
908282,1
66979,1
599838,1
543212,1
885689,1
443882,1
876929,1
887643,1
624540,1
34911,1
580022,1
198211,1
630440,1
542738,1
871903,1
716228,1
406230,1
668064,1
314274,1
257686,1
101227,1
25290,1
375891,1
34010,1
40365,1
853758,1
788125,1
213338,1
180139,1
55654,1
834951,1
627875,1
251339,1
440126,1
272326,1
644600,1
398471,1
802594,1
573749,1
52505,1
434584,1
438631,1
427939,1
915148,1
860272,1
368060,1
774835,1
354242,1
570617,1
70495,1
135174,1
682907,1
372076,1
367591,1
815570,1
629181,1
829720,1
221249,1
819991,1
237193,1
541924,1
27354,1
91111,1
182572,1
84978,1
353319,1
760882,1
166329,1
640783,1
328610,1
7783,1
610090,1
880345,1
259391,1
254046,1
483168,1
634613,1
794011,1
864337,1
804186,1
188819,1
133114,1
302105,1
879752,1
536387,1
193423,1
657857,1
380045,1
594314,1
570237,1
670097,1
918209,1
837336,1
74832,1
599202,1
345439,1
597691,1
623359,1
154926,1
543345,1
47506,1
968726,1
417810,1
143490,1
378655,1
946596,1
35342,1
622888,1
832165,1
192832,1
97549,1
495487,1
766048,1
939033,1
138800,1
228761,1
574754,1
626985,1
433348,1
192355,1
963107,1
999981,1
617958,1
952959,1
959362,1
192609,1
66246,1
358555,1
813493,1
382756,1
199914,1
266290,1
553116,1
993994,1
660130,1
589516,1
46337,1
514759,1
162622,1
644185,1
739106,1
971561,1
659698,1
151215,1
416432,1
769917,1
788844,1
492700,1
425952,1
235477,1
527302,1
958454,1
602185,1
532355,1
421607,1
479614,1
438859,1
543088,1
462257,1
590371,1
10969,1
589424,1
464478,1
429596,1
798448,1
23909,1
376272,1
923193,1
823747,1
457355,1
347052,1
66502,1
299715,1
312547,1
826591,1
230066,1
907342,1
185909,1
964603,1
652858,1
673484,1
659850,1
325061,1
91808,1
123801,1
513943,1
860175,1
815056,1
486326,1
855450,1
240653,1
757775,1
650557,1
610842,1
399725,1
348551,1
83045,1
70637,1
237678,1
222133,1
865701,1
68152,1
767679,1
389088,1
575093,1
755276,1
125235,1
117833,1
850199,1
665252,1
354103,1
85482,1
96215,1
420392,1
836749,1
96112,1
442655,1
493632,1
250104,1
431638,1
260943,1
28195,1
228403,1
434759,1
609858,1
726626,1
836744,1
387382,1
566453,1
43761,1
815572,1
127076,1
350807,1
37942,1
367769,1
374290,1
181464,1
806379,1
61948,1
531906,1
658791,1
322278,1
901920,1
963328,1
405596,1
11922,1
74085,1
616402,1
280716,1
798339,1
133412,1
739578,1
480835,1
529150,1
174969,1
278166,1
773548,1
737855,1
410542,1
211669,1
423622,1
708256,1
448983,1
186031,1
169019,1
101779,1
650180,1
926550,1
138491,1
391450,1
934166,1
697839,1
720023,1
971780,1
748213,1
926054,1
308665,1
210959,1
757381,1
519967,1
517695,1
828619,1
786684,1
654141,1
26799,1
291929,1
482170,1
853745,1
300939,1
510814,1
167713,1
265139,1
155267,1
228872,1
384335,1
813193,1
38282,1
183876,1
720812,1
109534,1
259492,1
246290,1
763749,1
642286,1
867952,1
8216,1
320110,1
21464,1
310567,1
615005,1
53859,1
297063,1
264190,1
443998,1
757742,1
754862,1
725854,1
890956,1
321055,1
634254,1
235754,1
558955,1
65287,1
484377,1
10455,1
286352,1
113454,1
461270,1
488570,1
887186,1
758368,1
814188,1
8804,1
919559,1
902551,1
836655,1
259266,1
843290,1
89878,1
177737,1
709915,1
538854,1
916160,1
226541,1
138347,1
189907,1
835957,1
2453,1
288234,1
892628,1
347594,1
235588,1
468709,1
475853,1
508767,1
141974,1
505807,1
966179,1
800564,1
897987,1
566665,1
31082,1
893407,1
497793,1
271869,1
952902,1
249204,1
425573,1
857643,1
970991,1
820814,1
771165,1
522475,1
134378,1
208843,1
781292,1
488788,1
56755,1
677231,1
430403,1
492666,1
690704,1
86820,1
729700,1
910595,1
627411,1
544675,1
236936,1
707145,1
723320,1
534852,1
585851,1
789872,1
489844,1
626956,1
520654,1
466279,1
615839,1
340614,1
578623,1
986836,1
699946,1
491981,1
302985,1
821321,1
872096,1
83112,1
916902,1
74318,1
41781,1
108426,1
540514,1
350015,1
504130,1
569630,1
48076,1
582428,1
678581,1
933542,1
204455,1
483251,1
101551,1
596456,1
98551,1
136985,1
378502,1
661017,1
631081,1
397495,1
429301,1
653053,1
873776,1
85162,1
721865,1
142098,1
957871,1
885270,1
63750,1
258944,1
86728,1
70534,1
790364,1
643306,1
298528,1
240070,1
445578,1
678471,1
112618,1
838761,1
604353,1
355764,1
829347,1
157025,1
528161,1
439782,1
412030,1
764877,1
53914,1
197159,1
87861,1
626983,1
852887,1
130659,1
532269,1
721124,1
207930,1
555759,1
971279,1
303159,1
507693,1
465871,1
934290,1
182683,1
825197,1
436717,1
866022,1
113016,1
244750,1
502527,1
162559,1
463464,1
763405,1
18702,1
238567,1
704788,1
651389,1
744950,1
129143,1
384556,1
76106,1
256890,1
520293,1
889555,1
746129,1
427951,1
731007,1
429288,1
20860,1
993045,1
176478,1
895762,1
569333,1
212305,1
725658,1
728982,1
933352,1
484356,1
255786,1
829635,1
334593,1
188684,1
815072,1
442122,1
36020,1
421230,1
627623,1
980821,1
781008,1
645631,1
163845,1
949415,1
284280,1
961923,1
138561,1
935550,1
832262,1
712116,1
713337,1
784039,1
702165,1
738465,1
132050,1
499967,1
367567,1
623626,1
825528,1
375901,1
810713,1
712277,1
102007,1
187527,1
378155,1
634492,1
675346,1
901159,1
466180,1
915897,1
804521,1
145454,1
178673,1
617471,1
875322,1
129150,1
622678,1
21744,1
704991,1
519115,1
380592,1
268542,1
291316,1
338268,1
239293,1
531330,1
300066,1
50540,1
113908,1
585990,1
752092,1
79291,1
347916,1
864940,1
7787,1
629207,1
575917,1
432436,1
597885,1
173756,1
867822,1
278415,1
528119,1
118755,1
356576,1
748080,1
51429,1
698409,1
388085,1
307283,1
704405,1
812733,1
717339,1
293579,1
406738,1
228132,1
286368,1
577734,1
135143,1
620854,1
369683,1
323400,1
417301,1
436059,1
721249,1
773767,1
333656,1
568768,1
43272,1
938568,1
172948,1
983276,1
803312,1
76720,1
511620,1
512613,1
984860,1
95573,1
850914,1
482213,1
269621,1
193531,1
595368,1
107866,1
469303,1
818727,1
635858,1
965686,1
299643,1
624867,1
304109,1
88015,1
26930,1
764165,1
830407,1
533945,1
832256,1
730474,1
142120,1
52465,1
970804,1
415836,1
605423,1
472333,1
248830,1
47690,1
816723,1
278217,1
204745,1
100347,1
17989,1
385330,1
659215,1
575962,1
41877,1
147107,1
12509,1
873931,1
961460,1
991948,1
882799,1
597075,1
397560,1
922131,1
516390,1
36679,1
355749,1
111961,1
333377,1
519677,1
292196,1
200571,1
532693,1
696374,1
36398,1
963871,1
760952,1
507103,1
243383,1
51662,1
788143,1
193781,1
102407,1
76051,1
41988,1
29210,1
733080,1
985373,1
872691,1
49560,1
198799,1
601351,1
767895,1
88166,1
272120,1
761653,1
439734,1
225986,1
271947,1
20794,1
172350,1
93349,1
207577,1
193393,1
919838,1
303267,1
215238,1
753001,1
860932,1
731781,1
772579,1
945782,1
565594,1
668399,1
187894,1
24733,1
127237,1
57546,1
813037,1
365946,1
486202,1
226177,1
83339,1
475772,1
733562,1
672377,1
325473,1
960228,1
338453,1
303865,1
984308,1
176390,1
110266,1
723823,1
713426,1
65837,1
959568,1
259915,1
414319,1
734239,1
951585,1
991551,1
538053,1
159032,1
760242,1
511303,1
205139,1
713411,1
404299,1
520934,1
962258,1
589683,1
879487,1
595853,1
893537,1
510701,1
506168,1
935401,1
172217,1
107737,1
843898,1
75963,1
792583,1
788850,1
171453,1
721682,1
504393,1
457122,1
967876,1
778564,1
384288,1
918649,1
932202,1
596826,1
533476,1
510491,1
542316,1
994967,1
19929,1
600094,1
415619,1
954438,1
68040,1
621500,1
219085,1
511936,1
24310,1
92102,1
606534,1
71316,1
680063,1
322709,1
489062,1
508651,1
727703,1
4932,1
962717,1
261801,1
235490,1
526141,1
464597,1
402932,1
874966,1
38647,1
874952,1
45839,1
11704,1
415601,1
62116,1
857982,1
270552,1
916824,1
195763,1
580302,1
746004,1
21524,1
756045,1
291523,1
168193,1
951740,1
719914,1
221414,1
46653,1
682720,1
358950,1
287098,1
98062,1
129794,1
881908,1
346851,1
420600,1
496637,1
184565,1
806189,1
309088,1
377531,1
767728,1
366827,1
268773,1
434121,1
416182,1
768348,1
451039,1
141243,1
400389,1
984894,1
844684,1
413599,1
366303,1
934357,1
710000,1
76567,1
273418,1
169343,1
158615,1
568416,1
529243,1
951670,1
163851,1
111020,1
222806,1
504194,1
403341,1
409964,1
164886,1
575926,1
50353,1
511508,1
824922,1
306457,1
791734,1
320087,1
389556,1
7867,1
266834,1
297246,1
972720,1
832558,1
973815,1
121239,1
173190,1
347349,1
801067,1
554970,1
942489,1
318547,1
433231,1
214255,1
964352,1
296345,1
369301,1
786938,1
248151,1
706539,1
243277,1
1848,1
988928,1
829412,1
876162,1
983975,1
920807,1
857409,1
642964,1
740115,1
287561,1
65414,1
115578,1
996029,1
530221,1
390917,1
879745,1
664859,1
29179,1
329827,1
76057,1
815249,1
516224,1
879490,1
870513,1
447999,1
282117,1
551584,1
896735,1
378299,1
362462,1
817340,1
339234,1
384300,1
372535,1
481501,1
22762,1
485119,1
960924,1
1286,1
484608,1
96406,1
119877,1
704187,1
639303,1
226794,1
466728,1
267290,1
197811,1
192879,1
541183,1
268167,1
222652,1
389701,1
778178,1
899742,1
611148,1
412287,1
154379,1
337433,1
4992,1
952134,1
614950,1
433589,1
431329,1
973104,1
345041,1
9154,1
159443,1
328167,1
410690,1
560172,1
475421,1
693871,1
765176,1
473084,1
948517,1
614570,1
240361,1
179722,1
221023,1
147626,1
82010,1
660216,1
954078,1
201149,1
362596,1
306287,1
480623,1
83287,1
860488,1
659668,1
443467,1
401669,1
605414,1
411340,1
6215,1
34173,1
927611,1
417370,1
829063,1
955137,1
974180,1
513478,1
63637,1
3608,1
143481,1
279637,1
12633,1
91354,1
456539,1
103459,1
724466,1
917465,1
677645,1
625671,1
368134,1
418287,1
830297,1
850990,1
99241,1
713539,1
776332,1
611692,1
378145,1
692646,1
551222,1
41841,1
676647,1
964118,1
829668,1
416481,1
585188,1
119077,1
122135,1
541838,1
176060,1
864487,1
751214,1
219125,1
660479,1
490868,1
826967,1
129768,1
750892,1
720402,1
453224,1
704902,1
796499,1
533138,1
751954,1
654466,1
379806,1
584321,1
21580,1
628187,1
604103,1
324896,1
403714,1
679294,1
288757,1
885811,1
87060,1
226855,1
208873,1
385795,1
36354,1
231516,1
898881,1
439774,1
41702,1
697039,1
118268,1
230412,1
401943,1
317235,1
190442,1
324957,1
211902,1
719624,1
422031,1
941377,1
125441,1
242012,1
242306,1
342079,1
656786,1
665159,1
449945,1
879883,1
749307,1
66606,1
635824,1
810058,1
281353,1
708472,1
819973,1
867318,1
608853,1
972226,1
800498,1
793922,1
198481,1
252111,1
325911,1
485103,1
672238,1
18275,1
144361,1
995474,1
392717,1
308265,1
39492,1
69444,1
12457,1
212664,1
816340,1
606236,1
194914,1
216293,1
303599,1
343159,1
206331,1
524269,1
434114,1
86292,1
987282,1
562537,1
404732,1
764897,1
816811,1
377492,1
46126,1
637184,1
432808,1
314173,1
515732,1
838114,1
66701,1
621746,1
266646,1
560557,1
793372,1
913750,1
139199,1
420137,1
292903,1
651987,1
157858,1
270569,1
362026,1
443999,1
588978,1
211628,1
609004,1
482845,1
598339,1
943724,1
794232,1
272594,1
899087,1
429784,1
760840,1
28149,1
808742,1
150908,1
768682,1
820329,1
173226,1
259838,1
368871,1
855825,1
786513,1
156853,1
789157,1
5991,1
734105,1
30992,1
467775,1
111368,1
973179,1
861404,1
95859,1
640918,1
222268,1
715936,1
615609,1
964807,1
950784,1
754178,1
897363,1
389753,1
968374,1
610718,1
821120,1
792286,1
306378,1
944027,1
672988,1
926873,1
576218,1
614007,1
548378,1
768017,1
654397,1
235861,1
391370,1
186071,1
824006,1
663965,1
823710,1
378005,1
730502,1
314573,1
385871,1
434233,1
802739,1
521973,1
875614,1
307688,1
331041,1
901681,1
465021,1
247820,1
203128,1
229310,1
227668,1
970187,1
948579,1
240077,1
792835,1
541891,1
376905,1
420718,1
462840,1
88860,1
83832,1
739920,1
787253,1
105649,1
4602,1
765248,1
112884,1
732506,1
666883,1
539233,1
715698,1
694079,1
6025,1
422546,1
926173,1
303801,1
179173,1
339152,1
225522,1
277373,1
413184,1
607498,1
811297,1
72944,1
868808,1
668850,1
394292,1
222476,1
571858,1
676920,1
171213,1
231952,1
644763,1
711281,1
329512,1
351285,1
780051,1
494771,1
276685,1
458846,1
5049,1
966777,1
610678,1
821446,1
987377,1
766106,1
169484,1
260149,1
593061,1
734995,1
209613,1
626252,1
667510,1
743735,1
805447,1
323315,1
568282,1
637648,1
84755,1
755282,1
704830,1
396421,1
479893,1
959482,1
970686,1
221268,1
144987,1
937007,1
325308,1
550486,1
583351,1
737106,1
6394,1
867691,1
786510,1
157931,1
532896,1
826598,1
799476,1
776730,1
880076,1
278774,1
144722,1
821217,1
457259,1
39408,1
464147,1
693720,1
401381,1
382649,1
327761,1
999519,1
109855,1
139161,1
573474,1
276329,1
191012,1
338409,1
598434,1
318459,1
285434,1
296356,1
162435,1
476311,1
603693,1
909464,1
183481,1
749966,1
642063,1
191936,1
516300,1
201656,1
689131,1
210664,1
715905,1
546018,1
316131,1
780104,1
941293,1
966698,1
331959,1
675148,1
495010,1
785573,1
992003,1
292482,1
316399,1
207963,1
915900,1
656892,1
295105,1
36492,1
597849,1
473441,1
576935,1
840716,1
777967,1
974517,1
832211,1
423131,1
836914,1
82167,1
969815,1
804703,1
457817,1
685085,1
646257,1
624130,1
582559,1
423169,1
657337,1
88960,1
269970,1
105374,1
482268,1
782859,1
592629,1
336497,1
57312,1
402798,1
324231,1
58998,1
922240,1
724277,1
122922,1
592514,1
77165,1
468630,1
621373,1
398635,1
559697,1
214414,1
619976,1
455298,1
660578,1
643036,1
913457,1
287368,1
813930,1
307025,1
551415,1
689333,1
611269,1
935392,1
897868,1
236645,1
77481,1
618553,1
633595,1
655062,1
699074,1
195308,1
595210,1
945743,1
191854,1
987819,1
397016,1
308507,1
43551,1
240695,1
286168,1
915509,1
869683,1
295238,1
273952,1
584394,1
195900,1
715663,1
851063,1
393719,1
285491,1
474768,1
988237,1
422929,1
531642,1
245695,1
879694,1
420847,1
442565,1
232430,1
398214,1
394365,1
426338,1
330020,1
785007,1
972338,1
942593,1
961346,1
764846,1
669522,1
319959,1
181107,1
408404,1
523048,1
101999,1
172983,1
671524,1
849739,1
346827,1
476615,1
895125,1
92275,1
784034,1
463466,1
541545,1
229217,1
486638,1
318073,1
238027,1
123946,1
926635,1
957341,1
331416,1
912415,1
737710,1
123939,1
197071,1
355991,1
939791,1
35780,1
238540,1
578043,1
559830,1
663080,1
637989,1
609853,1
688250,1
573526,1
122197,1
698843,1
978695,1
276003,1
180966,1
640355,1
528396,1
838575,1
224086,1
25107,1
941017,1
83294,1
488157,1
280143,1
234739,1
580721,1
907765,1
556068,1
212700,1
353721,1
675982,1
339284,1
191301,1
168885,1
732303,1
793043,1
699639,1
312517,1
352208,1
266989,1
901063,1
675882,1
320560,1
245351,1
522325,1
703585,1
641049,1
45110,1
414797,1
269667,1
242813,1
367599,1
654104,1
894232,1
287449,1
573969,1
573083,1
543358,1
672556,1
761778,1
790474,1
576012,1
391509,1
766952,1
37858,1
703952,1
840146,1
317102,1
663313,1
350256,1
302864,1
950748,1
559829,1
316929,1
885671,1
926884,1
151033,1
956089,1
578319,1
502372,1
55085,1
844569,1
657020,1
327419,1
774068,1
215327,1
53274,1
165384,1
216655,1
895964,1
658815,1
392139,1
303725,1
95260,1
29266,1
941438,1
786762,1
687815,1
58178,1
892211,1
38872,1
6715,1
115420,1
564035,1
655450,1
536531,1
558684,1
521553,1
702061,1
270836,1
579324,1
186889,1
813889,1
864478,1
879657,1
748146,1
273325,1
52520,1
620251,1
967986,1
255772,1
124459,1
778658,1
730026,1
524315,1
808795,1
410560,1
736913,1
585868,1
860621,1
911013,1
350251,1
583294,1
237397,1
810871,1
302920,1
826197,1
552138,1
948170,1
734002,1
381149,1
87066,1
393025,1
242100,1
73720,1
248576,1
757481,1
949825,1
122392,1
454520,1
246599,1
587755,1
696011,1
702158,1
577157,1
779146,1
361064,1
568478,1
293138,1
886852,1
641390,1
309204,1
861978,1
65678,1
37161,1
44459,1
212306,1
15931,1
839468,1
206409,1
80465,1
902010,1
184219,1
45607,1
337771,1
89645,1
414134,1
357355,1
783782,1
537334,1
818133,1
314957,1
793240,1
903549,1
505388,1
903516,1
830608,1
708649,1
699265,1
199279,1
423050,1
84479,1
692437,1
511157,1
134111,1
457774,1
444789,1
28139,1
532892,1
896668,1
807831,1
566437,1
122276,1
330625,1
459982,1
37020,1
248792,1
67871,1
818267,1
899530,1
598012,1
105391,1
734981,1
194458,1
525857,1
299185,1
303968,1
623420,1
491902,1
405671,1
283285,1
314315,1
342649,1
811594,1
877953,1
250020,1
482420,1
811970,1
410045,1
768287,1
10140,1
381026,1
824589,1
566239,1
168376,1
925405,1
175224,1
761939,1
701364,1
634818,1
691110,1
386807,1
885006,1
486755,1
335914,1
961423,1
48070,1
86376,1
857017,1
70184,1
808139,1
348386,1
924242,1
686843,1
49160,1
302490,1
183669,1
945556,1
664348,1
556462,1
643411,1
428375,1
855864,1
566490,1
830535,1
382,1
373785,1
734921,1
171713,1
556800,1
88973,1
658337,1
4709,1
877084,1
445620,1
270537,1
703375,1
46873,1
899754,1
795861,1
812551,1
535591,1
80055,1
570775,1
607294,1
346257,1
834872,1
214043,1
613413,1
1960,1
591346,1
716050,1
449744,1
746121,1
576177,1
742262,1
603256,1
995594,1
491003,1
258024,1
132811,1
739061,1
515952,1
622935,1
448716,1
357570,1
459647,1
694067,1
342342,1
458106,1
943571,1
592617,1
847809,1
676499,1
393921,1
307201,1
814178,1
33055,1
316616,1
246745,1
28308,1
793207,1
334667,1
805610,1
747215,1
124201,1
360821,1
461119,1
301741,1
491775,1
930852,1
208706,1
54869,1
62066,1
10993,1
629210,1
483522,1
810782,1
801097,1
117955,1
857587,1
756775,1
886329,1
629213,1
130697,1
412538,1
34139,1
149935,1
813785,1
74650,1
465837,1
353152,1
331104,1
56069,1
723413,1
243069,1
482844,1
516277,1
634035,1
331193,1
474759,1
488620,1
839352,1
391234,1
313648,1
659109,1
662221,1
296437,1
193971,1
787920,1
535511,1
769581,1
349431,1
929265,1
795123,1
155398,1
725497,1
235678,1
369892,1
989976,1
685160,1
345451,1
875429,1
588854,1
398409,1
142668,1
868078,1
449764,1
194389,1
465891,1
861701,1
668682,1
859322,1
397319,1
662170,1
447574,1
550614,1
434903,1
939644,1
629964,1
822224,1
372060,1
575133,1
996535,1
627536,1
773818,1
943559,1
910094,1
40552,1
949845,1
893456,1
799680,1
478024,1
249709,1
815643,1
10542,1
313029,1
551318,1
682768,1
541054,1
921977,1
40585,1
2551,1
3449,1
306708,1
33638,1
340490,1
371368,1
403307,1
443723,1
917808,1
109773,1
964844,1
875387,1
807641,1
190559,1
929097,1
216996,1
305367,1
560286,1
643108,1
991972,1
65425,1
336322,1
126840,1
66121,1
619287,1
124378,1
587313,1
447439,1
699344,1
700265,1
201084,1
787460,1
772476,1
999493,1
649075,1
754715,1
20118,1
606310,1
629888,1
138102,1
966636,1
260253,1
837801,1
411449,1
46829,1
422748,1
703922,1
329328,1
604545,1
194969,1
386862,1
778479,1
25665,1
587685,1
154455,1
810205,1
429754,1
497142,1
332117,1
689977,1
15344,1
348067,1
445232,1
110434,1
23501,1
745898,1
348993,1
86112,1
847851,1
609103,1
839077,1
257291,1
529894,1
589853,1
916547,1
479855,1
715783,1
764927,1
784447,1
862004,1
788502,1
905470,1
59972,1
558929,1
749131,1
33039,1
692983,1
456800,1
167743,1
206677,1
76347,1
975857,1
900572,1
776019,1
315754,1
618247,1
854472,1
767416,1
824297,1
226628,1
384950,1
470743,1
628227,1
569901,1
183605,1
39796,1
967810,1
842975,1
829262,1
43283,1
263778,1
544747,1
160865,1
870306,1
317941,1
242541,1
264786,1
502689,1
175518,1
966995,1
58075,1
936594,1
945413,1
956383,1
796714,1
994587,1
855668,1
632029,1
99436,1
498187,1
459281,1
314913,1
343021,1
761759,1
9180,1
118420,1
144978,1
259239,1
597539,1
803311,1
678530,1
738379,1
784916,1
723261,1
520511,1
318150,1
347280,1
658258,1
834309,1
742929,1
957353,1
892508,1
629115,1
45783,1
374554,1
533692,1
239498,1
31211,1
236762,1
499387,1
372368,1
264138,1
76328,1
114951,1
814831,1
268297,1
87226,1
145525,1
742467,1
733277,1
556429,1
984662,1
863695,1
718856,1
556202,1
458662,1
4008,1
65794,1
308686,1
77619,1
986237,1
536921,1
327880,1
519276,1
344602,1
369696,1
183392,1
21776,1
103782,1
395442,1
528923,1
203021,1
210803,1
244909,1
201132,1
333838,1
242928,1
549548,1
971087,1
198173,1
507787,1
744350,1
989276,1
464956,1
825104,1
893902,1
790917,1
939067,1
44875,1
725908,1
162327,1
857432,1
512973,1
665155,1
481258,1
101492,1
282384,1
563804,1
380930,1
63274,1
796774,1
642040,1
500526,1
671048,1
486218,1
511422,1
165759,1
645301,1
710223,1
990571,1
569637,1
721243,1
548509,1
274643,1
695145,1
255777,1
593154,1
502769,1
599372,1
579198,1
174276,1
952316,1
146567,1
519007,1
497620,1
83071,1
316882,1
441233,1
534393,1
313809,1
515011,1
53376,1
449332,1
358684,1
910878,1
683328,1
632209,1
63394,1
258494,1
17146,1
113406,1
791872,1
30382,1
468651,1
807521,1
844696,1
37056,1
697676,1
108031,1
863487,1
550647,1
872306,1
368994,1
987129,1
293586,1
659119,1
489550,1
688476,1
557113,1
458344,1
343594,1
423020,1
3462,1
256331,1
182779,1
726997,1
839310,1
366691,1
793782,1
761451,1
529987,1
880139,1
907108,1
95023,1
340565,1
313583,1
91110,1
674536,1
725981,1
791988,1
10750,1
70886,1
568043,1
148204,1
955877,1
710384,1
700357,1
403622,1
379890,1
214790,1
673915,1
599658,1
514363,1
12212,1
37585,1
269742,1
561455,1
233339,1
734564,1
152162,1
652743,1
842866,1
829108,1
427747,1
385763,1
867962,1
584277,1
977469,1
4565,1
596205,1
106146,1
194447,1
935981,1
382689,1
877209,1
951367,1
886593,1
413497,1
168716,1
779455,1
209806,1
556990,1
55922,1
393562,1
980856,1
921808,1
463431,1
574520,1
116121,1
43620,1
941858,1
977028,1
127189,1
997627,1
146296,1
68755,1
969351,1
666496,1
742828,1
594821,1
248163,1
212783,1
530408,1
271077,1
29116,1
97327,1
103934,1
5281,1
966764,1
833394,1
769034,1
427885,1
101015,1
135053,1
445073,1
594718,1
485337,1
652031,1
295823,1
898107,1
621822,1
593768,1
724899,1
87739,1
830073,1
142961,1
61106,1
221043,1
696913,1
295268,1
753928,1
649950,1
238297,1
265204,1
19559,1
305511,1
992050,1
346418,1
82564,1
212312,1
150821,1
680282,1
711087,1
883893,1
360801,1
578270,1
788765,1
684593,1
177297,1
658714,1
946725,1
935871,1
453781,1
370318,1
702503,1
278400,1
944133,1
647470,1
475065,1
592615,1
579070,1
134505,1
642708,1
167603,1
555272,1
743195,1
959807,1
217024,1
443267,1
397017,1
596814,1
533952,1
800696,1
112363,1
988128,1
759592,1
684206,1
159362,1
246328,1
304396,1
54264,1
908329,1
849716,1
424570,1
133226,1
624182,1
847038,1
534999,1
514432,1
489534,1
417355,1
714692,1
250868,1
192977,1
645212,1
903171,1
214224,1
332795,1
230188,1
957788,1
102140,1
574414,1
471592,1
782767,1
151657,1
324578,1
999173,1
741669,1
934059,1
219327,1
640084,1
865195,1
577052,1
507163,1
408984,1
639773,1
479385,1
169503,1
110462,1
251179,1
969955,1
933588,1
365700,1
267452,1
797195,1
280489,1
149414,1
942202,1
603517,1
326443,1
292224,1
521526,1
960021,1
806425,1
231162,1
568815,1
966665,1
360405,1
495872,1
320667,1
66860,1
581466,1
248539,1
108857,1
644838,1
474280,1
787055,1
277933,1
273967,1
556307,1
807648,1
51870,1
94877,1
116574,1
399562,1
730487,1
951265,1
926505,1
170438,1
372720,1
591257,1
165101,1
152577,1
288444,1
57552,1
643771,1
958204,1
320134,1
210202,1
120685,1
326563,1
265061,1
764221,1
177961,1
106628,1
282903,1
981255,1
697050,1
699241,1
646970,1
695251,1
832086,1
152329,1
561889,1
590212,1
914020,1
675260,1
307271,1
738307,1
670025,1
140016,1
973171,1
732909,1
153191,1
716583,1
422296,1
293089,1
134300,1
892921,1
465699,1
609512,1
580483,1
176298,1
884073,1
172648,1
395722,1
351392,1
721553,1
681784,1
385663,1
844602,1
888673,1
976202,1
846688,1
954728,1
618950,1
762599,1
539961,1
550361,1
407571,1
656096,1
378318,1
967793,1
75392,1
177800,1
408225,1
680118,1
297379,1
527068,1
434966,1
900632,1
130158,1
341406,1
522679,1
483207,1
221942,1
587012,1
441095,1
536195,1
43396,1
991333,1
542338,1
966161,1
209660,1
653577,1
357971,1
407024,1
94220,1
638817,1
194215,1
856259,1
614917,1
621121,1
278551,1
106543,1
637263,1
868154,1
928749,1
311979,1
299209,1
838786,1
740050,1
618306,1
125116,1
943217,1
556335,1
522328,1
708449,1
76467,1
713495,1
317157,1
874864,1
769447,1
723661,1
169776,1
341817,1
279315,1
56671,1
586033,1
424489,1
670559,1
813882,1
743424,1
998561,1
35843,1
148459,1
141814,1
899926,1
66867,1
249425,1
827222,1
933298,1
717876,1
76495,1
170533,1
278,1
614316,1
215952,1
486044,1
565883,1
333596,1
774118,1
759320,1
729321,1
734928,1
996973,1
263240,1
967543,1
88271,1
51682,1
765829,1
526501,1
538022,1
464819,1
743385,1
352378,1
896685,1
344913,1
103328,1
317955,1
323535,1
884118,1
907600,1
319388,1
94543,1
906238,1
166594,1
498008,1
20718,1
137232,1
576299,1
213588,1
745401,1
490678,1
407623,1
57607,1
874698,1
708834,1
698181,1
789444,1
846358,1
726457,1
721486,1
85593,1
612031,1
338459,1
11187,1
64779,1
257851,1
222681,1
85769,1
491695,1
69652,1
978637,1
194315,1
842272,1
566358,1
836624,1
896889,1
928128,1
32619,1
4454,1
300730,1
462746,1
18230,1
762818,1
786587,1
709164,1
310079,1
300903,1
311755,1
52324,1
756349,1
360063,1
679442,1
121576,1
491908,1
660702,1
728978,1
849682,1
548683,1
277746,1
912506,1
261231,1
481398,1
529619,1
864134,1
764226,1
257799,1
366010,1
578643,1
857669,1
478994,1
673788,1
836471,1
5195,1
744071,1
819993,1
105033,1
577219,1
451731,1
839701,1
873740,1
103273,1
829729,1
687709,1
975580,1
992939,1
755969,1
425274,1
449925,1
673834,1
242524,1
699239,1
964461,1
189638,1
440494,1
286814,1
947754,1
611158,1
930418,1
881582,1
321503,1
978268,1
90863,1
461856,1
159752,1
893413,1
97582,1
70433,1
54251,1
202195,1
410018,1
505784,1
273223,1
886247,1
938271,1
943867,1
131809,1
617622,1
377222,1
477261,1
640045,1
965900,1
19444,1
359565,1
608805,1
232495,1
123701,1
817217,1
635161,1
247020,1
617451,1
938781,1
30759,1
705452,1
349996,1
119394,1
896443,1
719233,1
607289,1
303795,1
123568,1
287032,1
914400,1
24611,1
441152,1
100465,1
257636,1
587932,1
323729,1
50830,1
599546,1
552116,1
878865,1
494211,1
803869,1
882581,1
535734,1
995446,1
318172,1
51166,1
801017,1
447285,1
735991,1
100505,1
72085,1
844827,1
204185,1
135358,1
265254,1
426503,1
226392,1
829793,1
822833,1
613321,1
789678,1
167452,1
134392,1
761645,1
265477,1
456308,1
928781,1
488311,1
637257,1
398134,1
291255,1
636686,1
691251,1
717856,1
921344,1
16525,1
738565,1
114799,1
64363,1
349755,1
709627,1
896596,1
126674,1
20322,1
344127,1
380343,1
431495,1
666836,1
979256,1
522596,1
922437,1
936407,1
177547,1
854940,1
219086,1
285478,1
376394,1
278668,1
803944,1
919590,1
671551,1
944137,1
794925,1
756835,1
485914,1
60176,1
45335,1
155423,1
777221,1
302729,1
270476,1
564907,1
868071,1
511137,1
765166,1
686589,1
179460,1
979548,1
161158,1
122086,1
242717,1
820265,1
301262,1
548778,1
50847,1
816109,1
529955,1
223003,1
306003,1
670436,1
927913,1
797806,1
518697,1
320211,1
312148,1
703919,1
951694,1
78201,1
178353,1
856674,1
88796,1
763171,1
961797,1
331941,1
61059,1
228395,1
906839,1
796076,1
550181,1
584668,1
858574,1
397634,1
774584,1
376780,1
571842,1
598952,1
251053,1
156160,1
209792,1
623700,1
386349,1
975607,1
710461,1
414286,1
504386,1
615210,1
686504,1
201360,1
477876,1
857523,1
65576,1
311290,1
354703,1
713717,1
3484,1
333986,1
433077,1
987845,1
487343,1
389631,1
349078,1
110116,1
853938,1
280471,1
528472,1
148108,1
344553,1
916759,1
259516,1
961234,1
423634,1
857805,1
397365,1
857555,1
989563,1
288858,1
29623,1
296324,1
195452,1
89006,1
685999,1
953360,1
398016,1
23380,1
858247,1
251406,1
892567,1
544308,1
736038,1
788588,1
422746,1
839256,1
151320,1
306785,1
847300,1
992698,1
659398,1
147593,1
145217,1
223963,1
810561,1
291291,1
703836,1
211575,1
238579,1
210624,1
819555,1
558154,1
592357,1
276482,1
673932,1
995721,1
592147,1
773618,1
684165,1
350641,1
87764,1
272814,1
435767,1
62657,1
296443,1
263147,1
671827,1
928178,1
467586,1
755440,1
254496,1
460932,1
147670,1
569718,1
643831,1
886969,1
232075,1
109532,1
468568,1
4936,1
203154,1
27673,1
129667,1
98126,1
279960,1
417611,1
179502,1
649846,1
972392,1
690263,1
844854,1
64801,1
725765,1
500151,1
137665,1
327170,1
737240,1
835581,1
975161,1
76414,1
957883,1
946476,1
933294,1
854047,1
117233,1
270551,1
65083,1
202684,1
64863,1
390621,1
149562,1
292543,1
263451,1
40122,1
573893,1
774671,1
879851,1
86848,1
397160,1
475194,1
637080,1
740039,1
925132,1
629995,1
687834,1
869772,1
762016,1
926397,1
647788,1
562390,1
535086,1
424682,1
877815,1
696873,1
475889,1
31358,1
378750,1
444206,1
608581,1
728954,1
957113,1
801794,1
518225,1
358103,1
680249,1
330131,1
639079,1
568837,1
674514,1
408712,1
751683,1
83788,1
870105,1
506017,1
990787,1
249793,1
500428,1
474046,1
285709,1
738823,1
713163,1
254402,1
784922,1
172957,1
152465,1
808051,1
485595,1
907857,1
976351,1
890487,1
22342,1
793794,1
397069,1
696234,1
446222,1
421398,1
133429,1
906252,1
414092,1
921186,1
73317,1
750866,1
404488,1
217262,1
82084,1
178765,1
856902,1
128311,1
28674,1
622104,1
530054,1
381560,1
98355,1
740344,1
138808,1
170089,1
226215,1
423833,1
369913,1
95896,1
97840,1
89084,1
239009,1
366412,1
851148,1
474593,1
633845,1
51545,1
278633,1
39361,1
221510,1
66321,1
66661,1
613615,1
942704,1
15587,1
353103,1
271735,1
159461,1
807877,1
934854,1
409387,1
203644,1
635192,1
772176,1
227248,1
319106,1
128668,1
731220,1
311826,1
808440,1
615105,1
723926,1
582734,1
520223,1
858352,1
606234,1
276096,1
254986,1
381775,1
592526,1
230347,1
61228,1
819339,1
995982,1
727863,1
186751,1
964719,1
125624,1
344973,1
949789,1
599330,1
265518,1
298147,1
226325,1
239874,1
301650,1
157290,1
345248,1
137668,1
387140,1
393316,1
940665,1
206952,1
541428,1
886796,1
546374,1
922849,1
857364,1
528773,1
348027,1
534413,1
447525,1
607037,1
136714,1
698954,1
496231,1
112559,1
746719,1
56423,1
111610,1
59106,1
324423,1
903495,1
522578,1
330418,1
170036,1
811734,1
336133,1
61446,1
286684,1
86718,1
378434,1
95056,1
157217,1
678843,1
131307,1
531053,1
947694,1
759959,1
976235,1
772212,1
869188,1
7256,1
910026,1
970748,1
960297,1
487259,1
2648,1
93493,1
320569,1
435902,1
24812,1
709950,1
191870,1
544288,1
599634,1
948396,1
628855,1
219705,1
76369,1
209707,1
529193,1
488505,1
649995,1
328227,1
734220,1
569724,1
617157,1
835618,1
497694,1
6641,1
791125,1
479666,1
232716,1
786460,1
492966,1
885363,1
346906,1
295934,1
650486,1
958263,1
939823,1
69802,1
264749,1
744004,1
903111,1
464048,1
353129,1
781817,1
105244,1
899313,1
421940,1
651955,1
966826,1
277192,1
557101,1
16077,1
788753,1
636671,1
209113,1
17873,1
263873,1
818047,1
274518,1
137245,1
210901,1
452172,1
814366,1
212158,1
90901,1
143454,1
761556,1
505773,1
601972,1
74231,1
815985,1
481732,1
627871,1
594469,1
350756,1
269893,1
6511,1
436306,1
780075,1
143536,1
635339,1
904919,1
775083,1
201705,1
71322,1
718755,1
355397,1
7480,1
676361,1
27930,1
689435,1
6365,1
117872,1
303319,1
758069,1
519052,1
173245,1
906749,1
9631,1
186664,1
818801,1
610128,1
200984,1
946451,1
588728,1
132012,1
746803,1
684358,1
180750,1
997932,1
291282,1
865532,1
937154,1
272540,1
28014,1
54105,1
677318,1
142298,1
546152,1
131990,1
930247,1
405814,1
849259,1
970178,1
775969,1
251906,1
209894,1
82633,1
216329,1
147245,1
375068,1
432029,1
681008,1
985356,1
83642,1
924379,1
474657,1
966145,1
943890,1
226367,1
60192,1
893971,1
418543,1
13358,1
520619,1
321598,1
741056,1
936461,1
143146,1
535965,1
281202,1
165837,1
613580,1
446237,1
897909,1
35072,1
334267,1
150295,1
414005,1
691449,1
586333,1
805955,1
994946,1
535234,1
990339,1
245539,1
142285,1
471258,1
181421,1
804056,1
250453,1
422794,1
896160,1
493299,1
579107,1
853420,1
661565,1
373413,1
962094,1
41812,1
504594,1
507593,1
210061,1
287454,1
536194,1
814693,1
400723,1
397613,1
609991,1
343360,1
519580,1
631971,1
468411,1
239916,1
937873,1
562422,1
422498,1
88056,1
370179,1
729780,1
758644,1
965567,1
327049,1
973414,1
109041,1
457236,1
703005,1
666461,1
200379,1
800041,1
645036,1
888342,1
308411,1
896890,1
346042,1
211349,1
719119,1
599794,1
710238,1
654615,1
744157,1
68991,1
62494,1
119981,1
858023,1
470649,1
824428,1
499614,1
382254,1
927245,1
63744,1
175662,1
808354,1
859015,1
22385,1
245056,1
237976,1
884803,1
107153,1
467496,1
935108,1
835385,1
345228,1
656751,1
64369,1
822812,1
893774,1
300949,1
368266,1
762993,1
364409,1
165076,1
845006,1
482039,1
934736,1
964388,1
57305,1
955294,1
64942,1
339722,1
804326,1
196186,1
945210,1
910005,1
256047,1
684487,1
596984,1
100902,1
555448,1
972459,1
925684,1
331377,1
326789,1
649869,1
447927,1
162757,1
121988,1
876900,1
428436,1
980099,1
469400,1
69303,1
901450,1
469091,1
107745,1
759608,1
105104,1
937094,1
505536,1
166852,1
955751,1
297133,1
840457,1
246498,1
453796,1
752359,1
680137,1
651615,1
34294,1
566577,1
546774,1
672130,1
180963,1
894127,1
818501,1
57049,1
480533,1
249370,1
175803,1
390055,1
797992,1
720945,1
538702,1
526631,1
233659,1
288602,1
810965,1
111100,1
528758,1
564829,1
538223,1
39918,1
128542,1
110687,1
198596,1
64585,1
586728,1
223741,1
753397,1
290174,1
542214,1
372837,1
288012,1
94780,1
964126,1
869801,1
366133,1
702070,1
407850,1
681790,1
528548,1
830318,1
720943,1
355391,1
910133,1
644426,1
892393,1
147139,1
242092,1
337513,1
442543,1
331242,1
697685,1
238142,1
639271,1
390876,1
892822,1
368716,1
391611,1
26366,1
830437,1
213126,1
421994,1
585939,1
475433,1
481193,1
388001,1
721285,1
395050,1
577469,1
211607,1
574907,1
805807,1
661405,1
767832,1
851400,1
726350,1
826614,1
821952,1
468095,1
225454,1
937705,1
346504,1
372790,1
715616,1
281080,1
361431,1
434867,1
425309,1
698813,1
615023,1
641,1
937551,1
133842,1
252814,1
575434,1
242013,1
206664,1
399851,1
104630,1
237325,1
814076,1
438092,1
902087,1
845881,1
93753,1
746802,1
545644,1
494858,1
744232,1
518375,1
673188,1
650394,1
579240,1
283548,1
964677,1
733088,1
795451,1
189822,1
554376,1
83587,1
77193,1
802848,1
258627,1
665792,1
322201,1
23535,1
630135,1
848949,1
802178,1
203862,1
239658,1
456223,1
586979,1
474632,1
651329,1
889489,1
725388,1
477844,1
376894,1
402248,1
310164,1
130849,1
374093,1
481749,1
463808,1
288000,1
845217,1
757316,1
262230,1
167856,1
215975,1
182510,1
396184,1
449083,1
627919,1
944107,1
314291,1
907344,1
380697,1
374602,1
568728,1
32358,1
358751,1
601169,1
563515,1
825374,1
401164,1
269512,1
736903,1
665185,1
703493,1
649176,1
89747,1
801434,1
750936,1
62996,1
197941,1
931726,1
999411,1
166179,1
415347,1
703334,1
535633,1
848046,1
26885,1
656503,1
876235,1
253058,1
335901,1
486930,1
519709,1
751553,1
15916,1
876083,1
549489,1
484787,1
339205,1
293922,1
716370,1
121979,1
355364,1
652890,1
736209,1
506571,1
874194,1
24852,1
960566,1
932863,1
329246,1
339552,1
175017,1
605037,1
910328,1
379922,1
620027,1
798220,1
378654,1
90310,1
660044,1
143190,1
350310,1
743542,1
66186,1
772331,1
205514,1
743938,1
534691,1
52110,1
179889,1
921175,1
516392,1
967962,1
8838,1
192236,1
212983,1
203985,1
710768,1
524220,1
750797,1
964888,1
969489,1
178619,1
704138,1
132174,1
46263,1
817449,1
870810,1
233755,1
609080,1
981674,1
417942,1
992917,1
84796,1
346872,1
631393,1
340881,1
216823,1
182348,1
567946,1
141268,1
684612,1
687469,1
702863,1
286035,1
284067,1
458157,1
834117,1
255010,1
797499,1
646377,1
940776,1
195519,1
993798,1
364112,1
197836,1
245546,1
365759,1
896324,1
351010,1
502504,1
332354,1
484950,1
37265,1
202025,1
886374,1
180486,1
687405,1
298447,1
9338,1
982971,1
328782,1
208788,1
477780,1
941588,1
576611,1
947570,1
997910,1
74986,1
496365,1
502482,1
961810,1
94242,1
183339,1
780613,1
658499,1
144485,1
485804,1
265961,1
974437,1
430035,1
906357,1
327332,1
460921,1
493471,1
16241,1
58712,1
816270,1
910551,1
771337,1
573204,1
367907,1
372518,1
639437,1
474666,1
648482,1
143860,1
114275,1
358451,1
576988,1
346022,1
533375,1
887942,1
643526,1
435200,1
73621,1
430733,1
187712,1
216777,1
236330,1
615817,1
279661,1
515797,1
846929,1
927705,1
337882,1
651214,1
751056,1
248125,1
659759,1
44797,1
798117,1
638313,1
204555,1
540417,1
352057,1
799088,1
934720,1
529609,1
358662,1
704245,1
932974,1
531048,1
71743,1
767345,1
530839,1
815047,1
128752,1
39654,1
132905,1
116459,1
165532,1
502758,1
284295,1
29769,1
818671,1
201465,1
663088,1
184683,1
281280,1
496917,1
229445,1
906993,1
734003,1
970888,1
75892,1
829171,1
487955,1
127968,1
274632,1
731069,1
221632,1
769168,1
641285,1
454883,1
821566,1
314629,1
82988,1
696785,1
797805,1
525201,1
599152,1
466357,1
191679,1
777617,1
3581,1
176471,1
188510,1
852019,1
687573,1
1499,1
687976,1
815050,1
670948,1
321255,1
683149,1
157906,1
723426,1
977979,1
693058,1
917095,1
197950,1
812383,1
122505,1
913830,1
286098,1
76092,1
544534,1
370160,1
527515,1
617472,1
177127,1
173098,1
328325,1
443275,1
662169,1
745784,1
877890,1
129486,1
57431,1
184494,1
653677,1
77414,1
766841,1
340443,1
331063,1
560136,1
791454,1
804182,1
996054,1
997577,1
678955,1
146227,1
299148,1
964213,1
703910,1
651805,1
360112,1
554929,1
460850,1
266567,1
988459,1
54960,1
262128,1
390911,1
663234,1
207607,1
166012,1
215025,1
819232,1
738464,1
152114,1
812759,1
249602,1
802862,1
713304,1
577367,1
491349,1
652650,1
967930,1
900531,1
869994,1
677812,1
576783,1
401607,1
935016,1
743175,1
966359,1
208243,1
332009,1
486157,1
343615,1
462164,1
407405,1
931719,1
642445,1
940529,1
693850,1
846956,1
999669,1
256463,1
37534,1
930321,1
495749,1
363368,1
482774,1
968706,1
984473,1
537348,1
511380,1
74611,1
714843,1
83398,1
953071,1
644182,1
636836,1
591233,1
479785,1
366080,1
86880,1
285987,1
560727,1
248082,1
53406,1
152769,1
953075,1
798231,1
596716,1
496433,1
68652,1
415102,1
247580,1
739680,1
467608,1
120848,1
799462,1
580292,1
943835,1
990402,1
955360,1
947963,1
784748,1
502914,1
365296,1
158992,1
471246,1
345671,1
687199,1
321723,1
174439,1
442391,1
750827,1
171801,1
165677,1
563428,1
464821,1
116432,1
204331,1
644706,1
305351,1
731500,1
17208,1
19337,1
8755,1
133797,1
255140,1
627021,1
914045,1
763365,1
655183,1
773911,1
411123,1
125139,1
647348,1
335490,1
660005,1
612647,1
53118,1
402290,1
954816,1
285572,1
682172,1
229711,1
17840,1
959088,1
638708,1
940588,1
288271,1
961513,1
46205,1
27319,1
634943,1
895714,1
875167,1
78329,1
867455,1
470892,1
